2026-05-13T00:01:04,DROWSY,31,0.13,0.021,-0.16,-1.83,-7.06
2026-05-13T00:01:04,NORMAL,5,0.23,0.02,-0.51,-2.22,-4.14
2026-05-13T14:23:15,DROWSY,22,0.235,0.653,0.43,-4.55,0.04
2026-05-13T14:23:15,DANGER,41,0.203,0.653,0.25,-5.22,-0.26
2026-05-13T14:23:15,DROWSY,35,0.217,0.444,-0.2,-3.4,-0.17
2026-05-13T14:23:16,NORMAL,0,0.25,0.449,-0.15,-0.68,0.41
2026-05-13T14:23:17,DROWSY,20,0.222,0.122,0.0,1.36,0.58
2026-05-13T14:23:19,NORMAL,0,0.254,0.078,-0.44,1.63,-9.99
2026-05-13T14:23:22,DROWSY,21,0.213,0.02,-0.36,2.48,-2.57
2026-05-13T14:23:22,NORMAL,5,0.256,0.168,-0.71,3.15,-2.9
2026-05-13T14:23:23,DROWSY,21,0.248,0.127,0.01,2.4,-2.65
2026-05-13T14:23:23,NORMAL,5,0.252,0.096,-0.46,2.9,-2.71
2026-05-13T14:23:23,DROWSY,21,0.198,0.113,-0.32,3.06,-2.61
2026-05-13T14:23:23,DANGER,40,0.235,0.123,-0.16,1.96,-2.7
2026-05-13T14:23:24,NORMAL,5,0.257,0.006,-0.86,2.67,-2.6
2026-05-13T14:23:25,DROWSY,21,0.218,0.195,-0.17,2.93,-2.37
2026-05-13T14:23:25,NORMAL,5,0.254,0.142,-0.1,3.07,-3.15
2026-05-13T14:23:26,DROWSY,21,0.243,0.107,-0.18,2.95,-2.58
2026-05-13T14:23:26,NORMAL,5,0.25,0.1,-0.19,2.56,-2.84
2026-05-13T14:23:30,DROWSY,21,0.139,0.118,-0.07,3.25,-7.8
2026-05-13T14:23:31,NORMAL,5,0.253,0.076,0.05,9.27,0.62
2026-05-13T14:23:48,DROWSY,21,0.248,0.109,5.46,3.37,-1.35
2026-05-13T14:23:48,NORMAL,5,0.26,0.0,5.97,5.06,-1.09
2026-05-13T14:23:54,DROWSY,21,0.194,0.013,0.97,-1.73,3.76
2026-05-13T14:23:55,DANGER,43,0.118,0.677,-0.64,-12.03,3.77
2026-05-13T14:23:58,NORMAL,5,0.269,0.183,4.68,-4.99,-4.62
2026-05-13T14:23:59,DROWSY,21,0.186,0.48,3.54,-0.53,-4.71
2026-05-13T14:23:59,DANGER,41,0.215,0.667,2.91,0.32,-2.69
2026-05-13T14:23:59,DROWSY,39,0.169,0.492,3.84,0.5,-2.2
2026-05-13T14:23:59,NORMAL,5,0.276,0.36,5.01,4.32,-1.56
2026-05-13T14:24:04,DROWSY,21,0.244,0.007,3.65,13.24,0.18
2026-05-13T14:24:04,NORMAL,5,0.257,0.015,-0.82,18.63,-4.94
2026-05-13T14:24:09,DROWSY,21,0.23,0.0,1.28,-0.82,6.57
2026-05-13T14:24:09,NORMAL,5,0.259,0.0,1.28,-1.14,4.37
2026-05-13T14:24:10,DROWSY,21,0.227,0.089,0.6,-1.58,2.81
2026-05-13T14:24:11,DANGER,40,0.205,0.325,1.12,-2.1,2.8
2026-05-13T14:24:14,NORMAL,5,0.264,0.017,-0.26,3.38,-6.1
2026-05-13T14:24:16,DROWSY,21,0.22,0.107,1.16,2.35,-5.87
2026-05-13T14:24:16,NORMAL,5,0.267,0.114,0.13,2.16,-5.89
2026-05-13T14:24:18,DROWSY,21,0.213,0.662,-0.1,-6.74,-7.0
2026-05-13T14:24:18,DANGER,40,0.18,0.682,-0.46,-7.46,-6.46
2026-05-13T14:24:20,NORMAL,5,0.254,0.301,1.45,-0.61,2.97
2026-05-13T14:24:20,DROWSY,21,0.221,0.162,1.28,0.85,6.58
2026-05-13T14:24:21,NORMAL,5,0.275,0.119,2.12,2.55,5.29
2026-05-13T14:24:21,DROWSY,21,0.236,0.092,1.76,3.63,5.52
2026-05-13T14:24:21,NORMAL,5,0.257,0.006,2.7,5.62,5.51
2026-05-13T14:24:24,DROWSY,21,0.226,0.022,-0.96,3.41,-5.93
2026-05-13T14:24:24,NORMAL,5,0.271,0.018,-0.54,2.16,-4.88
2026-05-13T14:24:25,DROWSY,32,0.229,0.016,-1.4,25.47,-1.72
2026-05-13T14:24:25,NORMAL,9,0.235,0.007,-0.41,22.34,1.36
2026-05-13T14:24:31,DROWSY,21,0.199,0.045,-0.61,5.62,-2.01
2026-05-13T14:24:31,NORMAL,5,0.26,0.017,4.41,8.75,-2.4
2026-05-13T14:24:33,DROWSY,21,0.229,0.103,-1.46,10.55,-16.01
2026-05-13T14:24:34,NORMAL,15,0.252,0.019,-3.37,4.92,-15.99
2026-05-13T14:24:35,DROWSY,21,0.187,0.095,-3.43,0.84,-11.14
2026-05-13T14:24:35,NORMAL,5,0.265,0.073,-0.11,2.05,4.43
2026-05-13T14:24:39,DROWSY,21,0.237,0.013,2.29,-0.17,8.08
2026-05-13T14:24:39,NORMAL,5,0.256,0.007,2.57,1.54,4.67
2026-05-13T14:24:41,DROWSY,21,0.227,0.006,-1.94,0.6,0.34
2026-05-13T14:24:41,DANGER,40,0.19,0.033,-1.39,-3.88,2.78
2026-05-13T14:24:42,NORMAL,5,0.259,0.206,-1.67,1.81,4.02
2026-05-13T14:24:45,DROWSY,21,0.203,0.014,-1.45,-1.02,-2.37
2026-05-13T14:24:46,DANGER,40,0.207,0.006,-0.87,0.0,-2.8
2026-05-13T14:24:47,NORMAL,5,0.253,0.05,0.17,3.0,0.86
2026-05-13T14:24:47,DROWSY,21,0.214,0.03,0.09,3.62,1.84
2026-05-13T14:24:48,DANGER,40,0.187,0.005,0.13,3.35,0.63
2026-05-13T14:24:48,NORMAL,5,0.255,0.006,0.31,3.2,0.65
2026-05-13T14:24:49,DROWSY,21,0.247,0.0,0.59,2.41,1.09
2026-05-13T14:24:49,NORMAL,5,0.251,0.006,0.76,2.52,0.66
2026-05-13T14:24:51,DROWSY,21,0.211,0.007,0.11,2.11,-0.36
2026-05-13T14:24:51,NORMAL,5,0.265,0.007,0.96,2.78,-0.65
2026-05-13T14:25:00,DROWSY,21,0.119,0.006,0.59,0.95,-5.18
2026-05-13T14:25:01,DANGER,40,0.135,0.006,-2.97,-6.33,-6.91
2026-05-13T14:25:03,NORMAL,5,0.258,0.015,-1.77,0.94,-12.0
2026-05-13T14:25:08,DROWSY,21,0.225,0.021,0.1,3.68,-8.87
2026-05-13T14:25:08,NORMAL,5,0.257,0.019,-0.45,4.16,-8.96
2026-05-13T14:25:11,DROWSY,21,0.149,0.007,0.53,0.93,-3.53
2026-05-13T14:25:11,DANGER,40,0.213,0.02,0.53,-3.74,2.56
2026-05-13T14:25:12,NORMAL,5,0.255,0.02,1.15,-1.45,7.73
2026-05-13T14:25:12,DROWSY,21,0.219,0.019,1.55,1.52,6.58
2026-05-13T14:25:13,DANGER,40,0.213,0.007,2.93,1.01,6.66
2026-05-13T14:25:14,NORMAL,5,0.253,0.014,2.09,2.24,5.62
2026-05-13T14:25:17,DROWSY,21,0.225,0.103,0.71,1.01,2.96
2026-05-13T14:25:17,DANGER,40,0.234,0.514,0.33,-4.53,7.27
2026-05-13T14:25:20,NORMAL,5,0.259,0.006,1.62,3.85,5.69
2026-05-13T14:25:22,DROWSY,21,0.242,0.131,1.18,0.73,-2.82
2026-05-13T14:25:22,NORMAL,5,0.267,0.29,-0.08,-0.86,-2.79
2026-05-13T14:25:25,DROWSY,21,0.213,0.291,0.39,1.2,1.43
2026-05-13T14:25:25,NORMAL,5,0.254,0.271,0.22,3.1,1.89
2026-05-13T14:25:25,DROWSY,21,0.242,0.008,-0.33,1.27,4.0
2026-05-13T14:25:26,NORMAL,5,0.257,0.0,-0.23,1.43,4.12
2026-05-13T14:25:26,DROWSY,21,0.243,0.0,0.1,2.94,4.56
2026-05-13T14:25:27,NORMAL,5,0.266,0.0,0.0,3.82,3.57
2026-05-13T14:25:29,DROWSY,21,0.233,0.227,-0.01,-0.3,4.3
2026-05-13T14:25:29,NORMAL,5,0.261,0.265,-0.24,-0.74,4.44
2026-05-13T14:25:30,DROWSY,21,0.174,0.495,-0.2,-4.98,5.61
2026-05-13T14:25:30,DANGER,43,0.155,0.553,-0.6,-9.38,6.18
2026-05-13T14:25:32,NORMAL,5,0.258,0.157,-1.91,-2.56,10.63
2026-05-13T14:25:33,DROWSY,21,0.209,0.015,1.79,0.64,3.91
2026-05-13T14:25:34,DANGER,40,0.204,0.081,1.88,0.47,1.58
2026-05-13T14:25:36,NORMAL,5,0.255,0.023,1.87,1.44,-0.36
2026-05-13T14:25:38,DROWSY,21,0.19,0.023,1.31,0.93,-2.14
2026-05-13T14:25:38,NORMAL,5,0.26,0.007,0.6,3.56,-9.82
2026-05-13T14:25:39,DROWSY,21,0.227,0.022,0.99,0.26,-6.7
2026-05-13T14:25:40,NORMAL,5,0.256,0.051,-0.8,5.47,-11.89
2026-05-13T14:25:42,DROWSY,21,0.229,0.0,1.99,-0.36,-2.43
2026-05-13T14:25:43,NORMAL,5,0.284,0.029,3.54,1.64,4.5
2026-05-13T14:25:46,DROWSY,21,0.24,0.045,1.22,-2.87,1.4
2026-05-13T14:25:46,NORMAL,5,0.255,0.014,0.91,-2.33,0.97
2026-05-13T14:25:47,DROWSY,21,0.23,0.029,0.58,-1.24,0.72
2026-05-13T14:25:47,NORMAL,5,0.262,0.007,0.12,-1.47,0.82
2026-05-13T14:25:55,DROWSY,21,0.12,0.013,-1.32,2.08,0.1
2026-05-13T14:25:55,DANGER,40,0.173,0.013,-0.85,-0.56,-0.09
2026-05-13T14:25:56,NORMAL,5,0.254,0.024,0.28,2.42,0.31
2026-05-13T14:25:57,DROWSY,21,0.214,0.0,-0.21,0.93,0.07
2026-05-13T14:25:57,DANGER,40,0.164,0.014,-0.38,2.08,-0.51
2026-05-13T14:25:58,NORMAL,5,0.262,0.0,-1.01,1.83,0.25
2026-05-13T14:26:04,DROWSY,21,0.197,0.134,-1.1,12.68,1.32
2026-05-13T14:26:05,DANGER,40,0.183,0.05,-2.03,12.18,1.73
2026-05-13T14:26:05,NORMAL,5,0.266,0.07,0.51,13.39,3.08
2026-05-13T14:26:06,DROWSY,21,0.202,0.015,-2.05,13.22,1.4
2026-05-13T14:26:06,DANGER,40,0.23,0.011,-0.97,14.28,0.59
2026-05-13T14:26:08,NORMAL,5,0.257,0.143,-1.66,11.55,4.56
2026-05-13T14:26:09,DROWSY,21,0.235,0.212,0.34,3.41,5.37
2026-05-13T14:26:09,DANGER,40,0.128,0.214,-1.79,-7.32,2.8
2026-05-13T14:26:11,NORMAL,5,0.265,0.166,0.69,2.57,-2.91
2026-05-13T14:26:12,DROWSY,21,0.211,0.096,0.6,3.34,-1.54
2026-05-13T14:26:13,DANGER,40,0.229,0.166,0.56,1.58,-0.67
2026-05-13T14:26:13,NORMAL,5,0.253,0.09,-0.3,1.32,-0.62
2026-05-13T14:26:15,DROWSY,21,0.233,0.084,2.48,3.49,-1.08
2026-05-13T14:26:16,NORMAL,5,0.258,0.114,1.79,2.77,-1.18
2026-05-13T14:26:22,DROWSY,21,0.235,0.113,0.72,1.35,1.09
2026-05-13T14:26:22,NORMAL,5,0.259,0.099,0.1,0.34,1.31
2026-05-13T14:26:32,DROWSY,21,0.201,0.032,1.61,7.17,-0.65
2026-05-13T14:26:33,DANGER,40,0.218,0.013,2.07,8.98,0.06
2026-05-13T14:26:33,NORMAL,5,0.252,0.015,1.32,8.82,-0.6
2026-05-13T14:26:34,DROWSY,21,0.163,0.011,1.79,8.44,-1.15
2026-05-13T14:26:35,DANGER,40,0.185,0.02,1.75,6.32,0.64
2026-05-13T14:26:38,NORMAL,5,0.269,0.007,0.16,1.35,4.7
2026-05-13T14:26:45,DROWSY,21,0.247,0.043,1.27,0.05,0.4
2026-05-13T14:26:46,NORMAL,5,0.252,0.051,1.13,14.99,0.08
2026-05-13T14:26:59,DROWSY,21,0.23,0.012,10.77,18.18,2.8
2026-05-13T14:27:00,NORMAL,5,0.261,0.013,2.23,21.98,1.66
2026-05-13T14:27:01,DROWSY,21,0.182,0.006,-0.55,-19.79,0.73
2026-05-13T14:27:02,NORMAL,5,0.288,0.029,0.8,21.0,-0.05
2026-05-13T14:27:04,DROWSY,21,0.212,0.022,0.89,-3.06,-0.09
2026-05-13T14:27:05,NORMAL,5,0.261,0.047,-1.57,-0.68,1.1
2026-05-13T14:27:05,DROWSY,30,0.28,0.109,1.83,16.51,-1.29
2026-05-13T14:27:05,NORMAL,5,0.296,0.036,2.55,17.59,-0.27
2026-05-13T14:27:12,DROWSY,21,0.214,0.014,1.45,0.1,1.03
2026-05-13T14:27:12,NORMAL,5,0.264,0.013,1.54,-0.56,1.01
2026-05-13T14:27:14,DROWSY,23,0.203,0.653,1.08,-4.29,1.11
2026-05-13T14:27:14,DANGER,40,0.204,0.591,0.95,-3.45,0.93
2026-05-13T14:27:14,DROWSY,39,0.229,0.339,1.48,-1.0,1.04
2026-05-13T14:27:14,DANGER,40,0.218,0.201,1.5,-0.58,1.52
2026-05-13T14:27:15,NORMAL,5,0.251,0.013,2.18,1.76,0.66
2026-05-13T14:27:27,DROWSY,21,0.23,0.009,-0.08,-1.4,4.13
2026-05-13T14:27:28,DANGER,40,0.238,0.02,-0.11,-0.67,2.66
2026-05-13T14:27:28,NORMAL,5,0.261,0.02,-0.02,-0.5,2.49
2026-05-13T14:27:57,DROWSY,21,0.146,0.024,3.78,4.26,-8.6
2026-05-13T14:27:57,NORMAL,5,0.277,0.0,4.28,5.91,-8.94
2026-05-13T14:28:06,DROWSY,21,0.2,0.014,0.87,-0.74,-13.52
2026-05-13T14:28:07,NORMAL,5,0.287,0.006,-0.5,7.14,-14.33
2026-05-13T14:28:09,DROWSY,21,0.231,0.125,-1.08,7.36,-11.46
2026-05-13T14:28:09,NORMAL,5,0.268,0.133,-1.29,8.1,-11.89
2026-05-13T14:28:12,DROWSY,21,0.226,0.086,-0.77,7.63,-11.47
2026-05-13T14:28:12,NORMAL,5,0.287,0.066,-0.49,7.36,-11.54
2026-05-13T14:28:52,DROWSY,21,0.24,0.079,-0.38,10.54,-11.53
2026-05-13T14:28:52,NORMAL,5,0.251,0.112,-0.57,9.61,-11.89
2026-05-13T14:29:06,DROWSY,21,0.249,0.036,1.05,2.95,-0.04
2026-05-13T14:29:06,NORMAL,5,0.256,0.016,0.04,0.03,4.63
2026-05-13T14:29:08,DROWSY,21,0.245,0.019,1.74,3.22,7.14
2026-05-13T14:29:08,NORMAL,5,0.251,0.013,1.74,3.26,7.49
2026-05-13T14:29:10,DROWSY,21,0.123,0.0,1.14,4.5,7.41
2026-05-13T14:29:10,NORMAL,5,0.26,0.012,0.46,4.69,7.41
2026-05-13T14:29:12,DROWSY,21,0.238,0.014,0.83,10.89,5.51
2026-05-13T14:29:13,DANGER,40,0.223,0.02,0.45,15.84,6.29
2026-05-13T14:29:13,NORMAL,5,0.267,0.012,0.62,13.09,7.06
2026-05-13T14:40:25,DROWSY,22.0,0.278,0.02,32.93,4.03,16.74
2026-05-13T14:40:25,NORMAL,12.0,0.296,0.025,36.3,3.39,11.84
2026-05-13T14:40:28,DROWSY,27.0,0.204,0.078,15.5,1.38,-0.1
2026-05-13T14:40:29,NORMAL,0.0,0.25,0.012,14.59,3.31,-1.1
2026-05-13T14:40:29,DROWSY,22.0,0.231,0.017,19.83,5.12,0.05
2026-05-13T14:40:29,NORMAL,12.0,0.283,0.0,15.68,5.28,-0.17
2026-05-13T14:40:35,DROWSY,20.0,0.233,0.048,4.95,-0.58,-6.14
2026-05-13T14:40:35,NORMAL,0.0,0.263,0.08,2.22,1.1,-3.11
2026-05-13T14:40:41,DROWSY,20.0,0.228,0.053,1.56,2.53,-2.01
2026-05-13T14:40:42,NORMAL,0.0,0.25,0.024,4.14,3.84,-0.73
2026-05-13T14:40:45,DROWSY,20.0,0.189,0.033,-2.72,1.48,1.46
2026-05-13T14:40:46,NORMAL,0.0,0.252,0.027,3.93,2.22,-0.83
2026-05-13T14:40:46,DROWSY,20.0,0.201,0.02,5.62,2.94,-0.3
2026-05-13T14:40:46,NORMAL,0.0,0.257,0.013,2.33,1.71,-0.1
2026-05-13T14:40:48,DROWSY,20.5,0.228,0.043,5.74,1.63,-0.53
2026-05-13T14:40:48,NORMAL,8.0,0.255,0.02,5.73,3.12,0.3
2026-05-13T14:40:48,DROWSY,20.5,0.234,0.009,5.23,2.71,-1.47
2026-05-13T14:40:49,NORMAL,8.0,0.254,0.007,8.74,0.85,-10.44
2026-05-13T14:40:49,DROWSY,20.5,0.232,0.0,1.75,11.61,-18.69
2026-05-13T14:40:49,NORMAL,18.0,0.273,0.033,2.75,12.58,-20.23
2026-05-13T14:40:49,DROWSY,20.5,0.243,0.0,-0.07,9.51,-18.66
2026-05-13T14:40:49,NORMAL,18.0,0.251,0.006,-0.64,10.18,-18.59
2026-05-13T14:40:49,DROWSY,20.5,0.24,0.0,5.21,7.86,-18.86
2026-05-13T14:40:49,NORMAL,18.0,0.25,0.028,3.81,8.96,-17.36
2026-05-13T14:40:49,DROWSY,20.5,0.237,0.084,0.64,6.85,-17.75
2026-05-13T14:40:50,NORMAL,18.0,0.251,0.03,4.15,7.31,-16.04
2026-05-13T14:40:50,DROWSY,20.5,0.236,0.077,3.93,3.53,-16.33
2026-05-13T14:40:50,NORMAL,13.0,0.232,0.036,5.95,5.5,-14.42
2026-05-13T14:40:50,DROWSY,20.5,0.194,0.023,4.42,1.46,-9.68
2026-05-13T14:40:51,NORMAL,8.0,0.27,0.013,9.71,-0.18,-5.22
2026-05-13T14:40:51,DROWSY,20.5,0.229,0.041,11.26,-0.64,-1.71
2026-05-13T14:40:51,NORMAL,8.0,0.254,0.014,10.23,2.54,1.42
2026-05-13T14:40:51,DROWSY,25.0,0.229,0.023,25.26,8.57,9.45
2026-05-13T14:40:51,DANGER,40.0,0.219,0.006,19.27,12.78,15.72
2026-05-13T14:40:51,NORMAL,18.0,0.252,0.023,6.16,15.63,15.01
2026-05-13T14:40:52,DROWSY,25.0,0.229,0.019,26.7,12.05,12.07
2026-05-13T14:40:52,NORMAL,10.5,0.245,0.07,13.56,12.3,14.0
2026-05-13T14:40:52,DROWSY,20.0,0.267,0.011,17.32,7.12,12.58
2026-05-13T14:40:52,NORMAL,8.0,0.253,0.015,8.04,8.81,10.98
2026-05-13T14:40:56,DROWSY,20.5,0.237,0.007,3.03,29.94,1.27
2026-05-13T14:40:56,DANGER,40.5,0.244,0.0,11.03,20.93,6.23
2026-05-13T14:40:56,NORMAL,8.0,0.266,0.007,12.11,25.42,3.16
2026-05-13T14:40:57,DROWSY,20.5,0.19,0.039,8.84,2.52,-5.18
2026-05-13T14:40:58,DANGER,40.5,0.227,0.075,6.93,1.02,-9.41
2026-05-13T14:41:00,NORMAL,8.0,0.254,0.017,-0.79,0.87,2.97
2026-05-13T14:41:00,DROWSY,20.5,0.223,0.024,1.7,3.3,2.51
2026-05-13T14:41:01,NORMAL,8.0,0.255,0.022,4.36,2.56,1.87
2026-05-13T14:41:01,DROWSY,20.5,0.246,0.009,4.22,4.58,2.38
2026-05-13T14:41:01,NORMAL,8.0,0.27,0.052,5.18,2.7,2.77
2026-05-13T14:41:01,DROWSY,20.5,0.228,0.006,2.03,3.03,2.81
2026-05-13T14:41:01,NORMAL,8.0,0.259,0.0,-0.28,1.42,2.16
2026-05-13T14:41:02,DROWSY,20.5,0.213,0.013,2.57,0.44,1.47
2026-05-13T14:41:02,DANGER,40.5,0.246,0.039,1.75,-7.35,1.9
2026-05-13T14:41:05,NORMAL,8.0,0.269,0.03,4.98,4.71,1.1
2026-05-13T14:41:06,DROWSY,20.5,0.24,0.029,4.44,4.27,1.81
2026-05-13T14:41:06,NORMAL,8.0,0.253,0.047,7.12,4.15,2.47
2026-05-13T14:41:06,DROWSY,20.5,0.246,0.085,3.25,4.36,1.5
2026-05-13T14:41:06,NORMAL,8.0,0.265,0.014,6.31,3.27,1.63
2026-05-13T14:41:07,DROWSY,20.5,0.233,0.017,6.27,4.09,1.2
2026-05-13T14:41:07,NORMAL,8.0,0.256,0.02,7.18,3.65,1.32
2026-05-13T14:41:07,DROWSY,20.5,0.24,0.026,7.18,3.1,0.32
2026-05-13T14:41:07,NORMAL,8.0,0.264,0.021,6.18,3.57,1.06
2026-05-13T14:41:08,DROWSY,20.5,0.245,0.017,6.87,1.97,1.86
2026-05-13T14:41:08,NORMAL,8.0,0.252,0.027,6.42,3.91,1.46
2026-05-13T14:41:08,DROWSY,20.5,0.209,0.021,7.77,1.34,2.02
2026-05-13T14:41:08,NORMAL,8.0,0.261,0.014,8.46,2.81,0.57
2026-05-13T14:41:09,DROWSY,20.5,0.248,0.007,6.27,0.51,2.29
2026-05-13T14:41:09,DANGER,40.5,0.24,0.007,7.62,2.96,1.41
2026-05-13T14:41:09,NORMAL,8.0,0.261,0.027,5.37,3.16,1.18
2026-05-13T14:41:09,DROWSY,20.5,0.173,0.036,7.94,1.03,0.8
2026-05-13T14:41:10,DANGER,40.5,0.236,0.007,5.83,3.29,1.48
2026-05-13T14:41:10,NORMAL,8.0,0.25,0.02,6.88,2.6,2.31
2026-05-13T14:41:10,DROWSY,20.5,0.246,0.014,8.11,2.42,1.68
2026-05-13T14:41:11,DANGER,40.5,0.222,0.028,8.81,2.76,0.58
2026-05-13T14:41:11,NORMAL,8.0,0.261,0.021,2.91,5.48,1.65
2026-05-13T14:41:12,DROWSY,20.5,0.25,0.016,8.73,4.43,2.41
2026-05-13T14:41:12,NORMAL,8.0,0.264,0.03,3.94,4.56,2.27
2026-05-13T14:41:14,DROWSY,20.5,0.244,0.03,7.07,5.79,3.35
2026-05-13T14:41:14,NORMAL,8.0,0.251,0.006,5.86,4.89,0.98
2026-05-13T14:41:14,DROWSY,20.5,0.234,0.034,5.51,5.76,3.01
2026-05-13T14:41:14,NORMAL,8.0,0.254,0.013,2.33,5.29,1.32
2026-05-13T14:41:15,DROWSY,20.5,0.237,0.009,4.45,7.34,1.81
2026-05-13T14:41:16,NORMAL,8.0,0.25,0.009,1.04,3.5,2.49
2026-05-13T14:41:16,DROWSY,20.5,0.247,0.024,3.56,7.18,1.84
2026-05-13T14:41:16,NORMAL,8.0,0.263,0.036,2.48,5.01,0.73
2026-05-13T14:41:16,DROWSY,20.5,0.235,0.013,4.56,4.33,2.76
2026-05-13T14:41:17,NORMAL,8.0,0.277,0.02,4.01,3.48,1.7
2026-05-13T14:41:22,DROWSY,20.5,0.201,0.021,4.26,4.35,1.07
2026-05-13T14:41:23,DANGER,40.5,0.228,0.014,4.0,3.83,0.92
2026-05-13T14:41:23,NORMAL,8.0,0.256,0.029,4.58,3.61,0.7
2026-05-13T14:41:23,DROWSY,20.5,0.233,0.012,4.39,5.61,1.41
2026-05-13T14:41:23,NORMAL,8.0,0.251,0.006,0.9,4.08,3.49
2026-05-13T14:41:25,DROWSY,20.5,0.246,0.022,1.73,4.54,3.39
2026-05-13T14:41:25,NORMAL,8.0,0.253,0.097,5.38,5.23,1.61
2026-05-13T14:41:25,DROWSY,20.5,0.142,0.021,1.23,5.32,1.5
2026-05-13T14:41:25,DANGER,40.5,0.183,0.016,6.13,3.96,0.77
2026-05-13T14:41:26,NORMAL,8.0,0.256,0.022,3.99,6.2,2.59
2026-05-13T14:41:28,DROWSY,20.5,0.23,0.023,2.12,4.69,1.86
2026-05-13T14:41:28,NORMAL,8.0,0.252,0.007,6.45,5.02,1.18
2026-05-13T14:41:29,DROWSY,20.5,0.191,0.016,3.77,4.09,1.32
2026-05-13T14:41:29,NORMAL,8.0,0.253,0.007,2.59,4.8,1.56
2026-05-13T14:41:29,DROWSY,20.5,0.232,0.025,5.26,3.86,2.7
2026-05-13T14:41:29,NORMAL,8.0,0.253,0.024,4.76,4.44,1.5
2026-05-13T14:41:30,DROWSY,20.5,0.242,0.074,4.16,4.59,2.79
2026-05-13T14:41:30,NORMAL,8.0,0.257,0.027,2.93,3.71,2.28
2026-05-13T14:41:31,DROWSY,20.5,0.24,0.016,7.62,4.06,2.36
2026-05-13T14:41:32,DANGER,40.5,0.209,0.023,7.45,5.0,1.75
2026-05-13T14:41:33,NORMAL,8.0,0.258,0.053,4.89,4.17,1.96
2026-05-13T14:41:33,DROWSY,20.5,0.24,0.022,2.39,5.27,1.63
2026-05-13T14:41:33,NORMAL,8.0,0.265,0.098,4.8,4.7,1.18
2026-05-13T14:41:35,DROWSY,20.5,0.243,0.0,-8.82,4.11,2.4
2026-05-13T14:41:35,NORMAL,8.0,0.259,0.013,-8.37,1.49,1.81
2026-05-13T14:41:35,DROWSY,20.5,0.205,0.013,-9.0,0.6,3.47
2026-05-13T14:41:35,NORMAL,8.0,0.27,0.073,-9.58,1.68,2.56
2026-05-13T14:41:36,DROWSY,30.0,0.218,0.015,-19.11,0.27,4.01
2026-05-13T14:41:37,NORMAL,8.0,0.263,0.007,-5.09,2.91,1.86
2026-05-13T14:41:37,DROWSY,27.5,0.245,0.028,-15.16,4.41,2.61
2026-05-13T14:41:40,NORMAL,13.0,0.243,0.022,-13.41,0.74,4.35
2026-05-13T14:41:40,DROWSY,20.0,0.254,0.021,-15.93,1.53,1.24
2026-05-13T14:41:40,NORMAL,8.0,0.251,0.007,-4.27,3.94,2.31
2026-05-13T14:41:41,DROWSY,20.0,0.268,0.098,16.88,1.91,0.74
2026-05-13T14:41:43,NORMAL,8.0,0.254,0.029,14.01,3.07,-0.45
2026-05-13T14:41:45,DROWSY,20.5,0.221,0.105,3.47,5.04,-18.6
2026-05-13T14:41:45,NORMAL,18.0,0.272,0.029,5.32,7.1,-20.24
2026-05-13T14:41:45,DROWSY,20.5,0.249,0.037,3.12,2.02,-18.31
2026-05-13T14:41:45,NORMAL,18.0,0.27,0.013,-0.17,2.69,-17.26
2026-05-13T14:41:45,DROWSY,20.5,0.238,0.022,-0.35,2.57,-16.05
2026-05-13T14:41:46,NORMAL,18.0,0.257,0.028,2.29,4.54,-16.86
2026-05-13T14:41:46,DROWSY,20.5,0.245,0.132,3.53,4.39,-16.38
2026-05-13T14:41:46,DANGER,43.0,0.23,0.129,5.51,2.85,-15.25
2026-05-13T14:41:46,DROWSY,35.5,0.236,0.035,3.45,2.43,-14.92
2026-05-13T14:41:46,DANGER,50.5,0.244,0.032,3.48,2.01,-15.53
2026-05-13T14:41:47,NORMAL,18.0,0.274,0.024,4.13,4.51,-16.99
2026-05-13T14:41:47,DROWSY,20.5,0.245,0.006,2.41,3.27,-16.81
2026-05-13T14:41:47,NORMAL,18.0,0.271,0.084,3.32,0.98,-15.94
2026-05-13T14:41:47,DROWSY,23.0,0.206,0.094,5.12,2.04,-15.1
2026-05-13T14:41:47,NORMAL,8.0,0.261,0.013,5.41,3.59,-12.42
2026-05-13T14:41:47,DROWSY,20.5,0.241,0.033,3.72,0.4,-7.77
2026-05-13T14:41:48,DANGER,40.5,0.239,0.007,4.64,1.27,-0.21
2026-05-13T14:41:48,NORMAL,8.0,0.262,0.022,5.45,2.7,1.15
2026-05-13T14:41:49,DROWSY,22.5,0.238,0.03,17.82,4.73,-1.05
2026-05-13T14:41:50,DANGER,40.0,0.244,0.024,15.02,4.09,-0.92
2026-05-13T14:41:50,DROWSY,20.0,0.256,0.053,18.69,5.27,-0.68
2026-05-13T14:41:50,NORMAL,15.5,0.24,0.013,13.2,5.89,0.64
2026-05-13T14:41:53,DROWSY,20.5,0.21,0.034,8.4,3.11,2.79
2026-05-13T14:41:54,NORMAL,8.0,0.255,0.035,7.73,5.08,1.5
2026-05-13T14:41:54,DROWSY,22.5,0.237,0.007,16.52,8.02,1.45
2026-05-13T14:41:54,NORMAL,13.0,0.225,0.014,13.31,9.91,1.54
2026-05-13T14:41:54,DROWSY,30.0,0.246,0.025,15.14,13.59,2.17
2026-05-13T14:41:54,NORMAL,8.0,0.254,0.007,12.44,13.53,1.14
2026-05-13T14:41:55,DROWSY,20.5,0.236,0.028,8.25,11.53,1.94
2026-05-13T14:41:55,NORMAL,18.0,0.246,0.014,14.63,11.52,1.77
2026-05-13T14:41:55,DROWSY,20.5,0.245,0.014,14.15,12.97,0.58
2026-05-13T14:41:55,NORMAL,8.0,0.259,0.013,13.19,8.41,1.9
2026-05-13T14:41:56,DROWSY,20.5,0.227,0.0,7.01,3.33,2.51
2026-05-13T14:41:56,DANGER,40.5,0.235,0.01,8.02,2.89,2.78
2026-05-13T14:41:58,NORMAL,8.0,0.255,0.013,5.4,1.53,3.76
2026-05-13T14:41:58,DROWSY,20.5,0.241,0.019,7.6,2.98,1.58
2026-05-13T14:41:58,NORMAL,8.0,0.257,0.015,8.56,0.93,0.15
2026-05-13T14:41:59,DROWSY,20.5,0.241,0.057,5.16,3.79,-0.6
2026-05-13T14:41:59,NORMAL,8.0,0.261,0.026,6.26,2.42,-0.98
2026-05-13T14:42:00,DROWSY,20.5,0.243,0.043,8.64,2.94,-0.78
2026-05-13T14:42:00,NORMAL,8.0,0.262,0.02,7.04,1.23,-1.08
2026-05-13T14:42:00,DROWSY,20.5,0.209,0.02,6.7,2.95,0.35
2026-05-13T14:42:00,NORMAL,8.0,0.258,0.022,6.78,2.33,-0.68
2026-05-13T14:42:01,DROWSY,20.5,0.221,0.015,8.34,1.29,-0.58
2026-05-13T14:42:02,DANGER,40.5,0.211,0.006,7.96,1.54,-0.88
2026-05-13T14:42:03,NORMAL,8.0,0.252,0.013,7.62,1.13,-0.7
2026-05-13T14:42:03,DROWSY,20.5,0.229,0.025,6.79,1.08,-1.03
2026-05-13T14:42:03,NORMAL,8.0,0.252,0.006,6.65,1.16,-0.5
2026-05-13T14:42:03,DROWSY,20.5,0.242,0.038,5.85,2.5,-0.35
2026-05-13T14:42:03,NORMAL,8.0,0.251,0.016,7.92,2.71,0.06
2026-05-13T14:42:04,DROWSY,20.5,0.215,0.017,6.48,1.94,0.02
2026-05-13T14:42:04,DANGER,40.5,0.207,0.02,6.87,2.0,0.96
2026-05-13T14:42:05,NORMAL,8.0,0.264,0.022,4.61,2.47,-0.89
2026-05-13T14:42:07,DROWSY,20.5,0.247,0.035,6.78,2.83,-0.96
2026-05-13T14:42:08,NORMAL,8.0,0.25,0.112,8.6,3.12,-1.29
2026-05-13T14:42:08,DROWSY,20.5,0.206,0.108,8.59,1.99,0.66
2026-05-13T14:42:08,DANGER,40.5,0.225,0.444,7.97,-1.51,-0.17
2026-05-13T14:42:10,NORMAL,8.0,0.254,0.023,7.76,3.59,0.43
2026-05-13T14:42:10,DROWSY,20.5,0.245,0.025,7.32,4.16,0.98
2026-05-13T14:42:10,NORMAL,8.0,0.265,0.019,7.31,4.04,-0.41
2026-05-13T14:42:11,DROWSY,20.5,0.207,0.023,11.31,2.14,0.3
2026-05-13T14:42:11,NORMAL,8.0,0.25,0.013,10.14,2.33,0.25
2026-05-13T14:42:11,DROWSY,20.5,0.228,0.023,5.76,1.79,1.17
2026-05-13T14:42:12,DANGER,40.5,0.235,0.033,7.56,2.65,-0.19
2026-05-13T14:42:12,NORMAL,8.0,0.259,0.036,10.56,2.84,-0.36
2026-05-13T14:42:13,DROWSY,20.5,0.231,0.029,9.35,3.44,1.31
2026-05-13T14:42:13,NORMAL,8.0,0.257,0.032,9.19,2.08,1.64
2026-05-13T14:42:19,DROWSY,20.5,0.247,0.02,8.06,3.44,0.52
2026-05-13T14:42:19,NORMAL,8.0,0.28,0.01,10.13,3.43,1.12
2026-05-13T14:42:22,DROWSY,20.5,0.234,0.052,11.16,3.93,0.68
2026-05-13T14:42:22,NORMAL,8.0,0.259,0.007,7.78,4.63,0.77
2026-05-13T14:42:24,DROWSY,20.5,0.246,0.031,7.96,3.86,-0.77
2026-05-13T14:42:25,DANGER,40.5,0.203,0.017,7.53,4.44,1.17
2026-05-13T14:42:25,NORMAL,8.0,0.25,0.043,7.68,3.39,0.35
2026-05-13T14:42:26,DROWSY,20.5,0.248,0.03,7.21,4.96,0.73
2026-05-13T14:42:26,NORMAL,8.0,0.257,0.016,7.87,2.89,0.31
2026-05-13T14:42:26,DROWSY,20.5,0.244,0.007,8.64,3.28,0.65
2026-05-13T14:42:27,NORMAL,8.0,0.263,0.069,7.74,3.28,1.08
2026-05-13T14:42:27,DROWSY,20.5,0.247,0.061,10.08,3.48,0.94
2026-05-13T14:42:27,NORMAL,8.0,0.252,0.022,7.79,4.02,-0.25
2026-05-13T14:42:30,DROWSY,20.5,0.224,0.017,10.26,2.84,-2.15
2026-05-13T14:42:30,NORMAL,18.0,0.271,0.096,14.37,7.02,-15.81
2026-05-13T14:42:30,DROWSY,20.5,0.207,0.06,2.95,8.86,-18.19
2026-05-13T14:42:31,DANGER,40.5,0.213,0.027,3.88,0.54,-5.45
2026-05-13T14:42:31,NORMAL,8.0,0.26,0.007,4.4,1.83,-1.37
2026-05-13T14:42:32,DROWSY,20.5,0.225,0.007,3.23,3.15,-1.97
2026-05-13T14:42:32,DANGER,40.5,0.208,0.018,-2.05,1.22,5.64
2026-05-13T14:42:33,NORMAL,8.0,0.259,0.019,12.21,5.77,8.59
2026-05-13T14:42:33,DROWSY,20.5,0.213,0.012,2.38,2.54,9.78
2026-05-13T14:42:33,NORMAL,8.0,0.257,0.045,12.51,8.22,5.32
2026-05-13T14:42:33,DROWSY,20.5,0.219,0.016,13.04,8.19,2.22
2026-05-13T14:42:33,NORMAL,8.0,0.255,0.031,11.6,8.05,3.94
2026-05-13T14:42:34,DROWSY,20.5,0.219,0.006,5.8,8.93,3.93
2026-05-13T14:42:34,NORMAL,8.0,0.275,0.0,10.19,10.84,4.34
2026-05-13T14:42:34,DROWSY,20.5,0.239,0.045,9.18,12.01,4.76
2026-05-13T14:42:35,NORMAL,8.0,0.251,0.018,12.41,12.14,3.71
2026-05-13T14:42:35,DROWSY,20.5,0.232,0.015,11.35,11.27,4.89
2026-05-13T14:42:35,NORMAL,8.0,0.256,0.015,2.94,9.15,5.35
2026-05-13T14:42:38,DROWSY,20.5,0.228,0.095,1.43,7.26,6.77
2026-05-13T14:42:38,NORMAL,8.0,0.252,0.02,5.57,8.25,7.23
2026-05-13T14:42:38,DROWSY,20.5,0.236,0.02,5.5,9.62,4.56
2026-05-13T14:42:39,NORMAL,8.0,0.266,0.013,1.83,9.71,8.19
2026-05-13T14:42:39,DROWSY,20.5,0.208,0.034,0.48,11.18,7.5
2026-05-13T14:42:39,NORMAL,8.0,0.272,0.062,-2.37,10.87,7.24
2026-05-13T15:01:29,DROWSY,20.0,0.224,0.027,2.2,-1.85,-2.82
2026-05-13T15:01:29,NORMAL,0.0,0.265,0.09,1.88,-0.73,-2.9
2026-05-13T15:01:30,DROWSY,20.0,0.235,0.069,3.04,0.97,-2.13
2026-05-13T15:01:30,NORMAL,0.0,0.258,0.021,2.92,-0.09,-2.36
2026-05-13T15:01:33,DROWSY,20.0,0.182,0.14,12.38,-5.26,-10.65
2026-05-13T15:01:33,NORMAL,0.0,0.257,0.148,3.7,1.41,-4.67
2026-05-13T15:01:35,DROWSY,20.0,0.246,0.026,-3.95,2.5,-17.53
2026-05-13T15:01:35,NORMAL,10.0,0.262,0.021,-3.34,-0.76,-18.18
2026-05-13T15:01:35,DROWSY,20.0,0.201,0.019,-5.61,-4.35,-22.68
2026-05-13T15:01:36,DANGER,40.0,0.188,0.03,-1.85,-4.56,-21.3
2026-05-13T15:01:36,DROWSY,35.0,0.241,0.013,-3.72,-3.93,-14.99
2026-05-13T15:01:37,NORMAL,0.0,0.258,0.021,-1.73,-2.51,0.56
2026-05-13T15:01:38,DROWSY,20.0,0.235,0.01,-3.07,-0.43,2.66
2026-05-13T15:01:38,NORMAL,0.0,0.25,0.0,-2.48,-1.22,3.27
2026-05-13T15:01:42,DROWSY,20.0,0.235,0.036,1.83,20.24,-0.56
2026-05-13T15:01:42,NORMAL,0.0,0.252,0.029,3.55,15.52,-0.59
2026-05-13T15:01:44,DROWSY,22.0,0.204,0.016,22.62,14.91,-1.02
2026-05-13T15:01:44,NORMAL,12.0,0.261,0.008,28.83,14.64,-2.27
2026-05-13T15:01:45,DROWSY,20.0,0.187,0.161,8.13,1.7,5.29
2026-05-13T15:01:46,NORMAL,0.0,0.251,0.011,7.01,-1.21,6.1
2026-05-13T15:01:48,DROWSY,20.0,0.206,0.013,2.71,-0.52,9.28
2026-05-13T15:01:49,NORMAL,8.0,0.256,0.027,2.99,3.09,8.25
2026-05-13T15:01:49,DROWSY,20.5,0.208,0.012,2.6,2.35,8.76
2026-05-13T15:01:50,DANGER,40.5,0.171,0.0,1.48,1.53,8.87
2026-05-13T15:01:50,NORMAL,8.0,0.27,0.006,2.0,0.24,9.74
2026-05-13T15:01:51,DROWSY,30.0,0.218,0.019,20.9,0.71,7.37
2026-05-13T15:01:51,DANGER,40.0,0.189,0.079,20.18,0.24,6.87
2026-05-13T15:01:52,DROWSY,20.0,0.251,0.043,19.96,6.98,2.16
2026-05-13T15:01:52,DANGER,40.0,0.182,0.066,22.53,4.31,2.93
2026-05-13T15:01:53,DROWSY,20.0,0.266,0.114,17.09,4.57,3.54
2026-05-13T15:01:53,NORMAL,10.5,0.243,0.041,13.7,2.04,3.67
2026-05-13T15:02:01,DROWSY,20.5,0.136,0.042,2.3,2.52,-0.7
2026-05-13T15:02:01,NORMAL,8.0,0.258,0.065,-2.41,3.24,0.1
2026-05-13T15:02:03,DROWSY,20.5,0.211,0.0,-1.85,6.16,2.44
2026-05-13T15:02:03,NORMAL,8.0,0.257,0.012,-2.39,4.86,2.23
2026-05-13T15:02:03,DROWSY,20.5,0.108,0.018,-1.7,4.42,1.35
2026-05-13T15:02:04,DANGER,40.5,0.134,0.038,-3.2,3.18,0.67
2026-05-13T15:02:04,NORMAL,8.0,0.251,0.012,-1.84,4.6,1.48
2026-05-13T15:02:06,DROWSY,20.5,0.246,0.208,-1.42,0.6,6.58
2026-05-13T15:02:06,NORMAL,8.0,0.251,0.326,-0.64,1.87,8.98
2026-05-13T15:02:07,DROWSY,20.5,0.247,0.282,1.14,2.78,9.41
2026-05-13T15:02:07,NORMAL,8.0,0.262,0.308,-1.58,3.06,8.96
2026-05-13T15:02:07,DROWSY,20.5,0.233,0.369,-0.45,0.77,9.81
2026-05-13T15:02:08,DANGER,40.5,0.236,0.389,-1.42,1.56,10.53
2026-05-13T15:02:08,NORMAL,8.0,0.252,0.457,-0.33,0.59,11.77
2026-05-13T15:02:08,DROWSY,20.5,0.236,0.617,-2.65,-1.09,12.31
2026-05-13T15:02:08,NORMAL,8.0,0.25,0.5,-1.38,-0.2,12.45
2026-05-13T15:02:09,DROWSY,20.5,0.245,0.545,0.23,-4.68,15.11
2026-05-13T15:02:10,DANGER,40.5,0.235,0.485,0.1,-6.67,20.74
2026-05-13T15:02:12,DROWSY,23.0,0.256,0.64,7.67,-13.23,20.55
2026-05-13T15:02:12,DANGER,43.0,0.201,0.579,4.86,-14.83,17.67
2026-05-13T15:02:13,DROWSY,33.0,0.12,0.54,-1.5,-11.42,9.34
2026-05-13T15:02:13,DANGER,40.5,0.213,0.33,-1.3,-3.62,3.76
2026-05-13T15:02:14,NORMAL,8.0,0.265,0.03,2.32,6.49,-4.55
2026-05-13T15:02:14,DROWSY,20.5,0.223,0.05,4.66,4.26,-5.15
2026-05-13T15:02:14,NORMAL,8.0,0.257,0.044,6.06,5.54,-4.75
2026-05-13T15:02:15,DROWSY,20.5,0.24,0.029,3.94,5.35,-4.65
2026-05-13T15:02:15,DANGER,40.5,0.23,0.476,3.61,0.97,-4.63
2026-05-13T15:02:19,NORMAL,18.0,0.256,0.011,-8.5,2.25,-16.95
2026-05-13T15:02:19,DROWSY,20.5,0.247,0.02,-8.51,3.13,-15.83
2026-05-13T15:02:20,NORMAL,18.0,0.261,0.017,-7.24,2.13,-15.85
2026-05-13T15:02:20,DROWSY,20.5,0.207,0.014,-5.68,3.32,-15.66
2026-05-13T15:02:20,DANGER,40.5,0.241,0.05,-6.47,2.61,-16.11
2026-05-13T15:02:20,NORMAL,18.0,0.255,0.011,-4.6,2.13,-16.31
2026-05-13T15:02:20,DROWSY,20.5,0.239,0.005,-6.18,3.12,-15.22
2026-05-13T15:02:20,NORMAL,18.0,0.256,0.029,-5.37,3.71,-16.32
2026-05-13T15:02:21,DROWSY,23.0,0.224,0.019,-7.93,2.37,-15.08
2026-05-13T15:02:21,NORMAL,18.0,0.233,0.006,-4.48,3.1,-14.75
2026-05-13T15:02:22,DROWSY,20.5,0.24,0.019,-5.8,0.71,-9.96
2026-05-13T15:02:23,DANGER,40.5,0.246,0.093,-6.31,1.75,-9.77
2026-05-13T15:02:23,NORMAL,8.0,0.251,0.022,-8.17,0.96,-9.71
2026-05-13T15:02:23,DROWSY,20.5,0.215,0.009,-5.83,-0.19,-9.14
2026-05-13T15:02:23,DANGER,40.5,0.223,0.0,-5.99,-0.71,-10.01
2026-05-13T15:02:24,NORMAL,8.0,0.269,0.019,-3.19,1.67,-11.0
2026-05-13T15:02:25,DROWSY,20.5,0.246,0.017,6.39,1.93,-9.79
2026-05-13T15:02:25,NORMAL,8.0,0.275,0.064,6.56,2.79,-10.74
2026-05-13T15:02:25,DROWSY,20.5,0.19,0.025,8.87,2.23,-9.7
2026-05-13T15:02:25,NORMAL,8.0,0.26,0.068,6.96,2.94,-11.01
2026-05-13T15:02:26,DROWSY,20.5,0.244,0.014,9.49,4.3,-8.61
2026-05-13T15:02:26,NORMAL,8.0,0.261,0.0,5.68,2.95,-9.65
2026-05-13T15:02:28,DROWSY,20.5,0.249,0.088,8.31,3.9,-8.37
2026-05-13T15:02:28,NORMAL,8.0,0.251,0.031,6.75,4.39,-9.19
2026-05-13T15:02:29,DROWSY,20.5,0.245,0.006,7.07,3.94,-9.74
2026-05-13T15:02:29,NORMAL,8.0,0.262,0.022,5.39,3.86,-10.37
2026-05-13T15:02:30,DROWSY,20.5,0.22,0.068,6.12,3.27,-10.47
2026-05-13T15:02:30,DANGER,40.5,0.206,0.071,6.66,3.88,-10.96
2026-05-13T15:02:31,NORMAL,8.0,0.258,0.027,6.47,2.36,-11.51
2026-05-13T15:02:32,DROWSY,20.5,0.217,0.014,6.45,2.12,-11.17
2026-05-13T15:02:32,DANGER,40.5,0.227,0.0,6.34,2.83,-10.73
2026-05-13T15:02:32,NORMAL,8.0,0.256,0.038,6.97,2.89,-11.34
2026-05-13T15:02:33,DROWSY,20.5,0.243,0.036,6.38,2.74,-10.72
2026-05-13T15:02:33,NORMAL,8.0,0.263,0.017,6.72,2.87,-10.64
2026-05-13T15:02:34,DROWSY,28.0,0.249,0.023,6.49,1.13,-16.28
2026-05-13T15:02:34,NORMAL,18.0,0.255,0.027,6.57,0.37,-17.68
2026-05-13T15:02:34,DROWSY,20.5,0.243,0.013,5.07,2.02,-18.15
2026-05-13T15:02:34,NORMAL,18.0,0.264,0.012,1.95,0.44,-20.43
2026-05-13T15:02:34,DROWSY,20.5,0.231,0.039,4.45,-1.16,-22.16
2026-05-13T15:02:34,DANGER,40.5,0.216,0.0,-1.37,-3.68,-23.81
2026-05-13T15:02:36,NORMAL,8.0,0.253,0.05,13.27,3.18,2.18
2026-05-13T15:02:36,DROWSY,22.5,0.232,0.013,15.76,1.17,4.94
2026-05-13T15:02:36,NORMAL,13.0,0.24,0.013,13.11,3.22,2.25
2026-05-13T15:02:36,DROWSY,30.0,0.19,0.022,15.34,0.69,5.54
2026-05-13T15:02:37,DANGER,40.0,0.237,0.013,38.17,-1.62,9.15
2026-05-13T15:02:37,DROWSY,20.0,0.253,0.012,36.59,2.72,7.84
2026-05-13T15:02:38,DANGER,40.0,0.249,0.047,30.97,-1.71,5.66
2026-05-13T15:02:38,DROWSY,20.0,0.258,0.027,32.01,-0.29,6.5
2026-05-13T15:02:38,DANGER,40.0,0.233,0.006,29.92,-1.46,6.81
2026-05-13T15:02:39,DROWSY,20.0,0.25,0.012,31.4,-0.81,8.07
2026-05-13T15:02:39,DANGER,40.0,0.236,0.013,28.69,-0.14,7.76
2026-05-13T15:02:39,DROWSY,20.0,0.259,0.013,25.1,0.22,6.58
2026-05-13T15:02:40,DANGER,40.0,0.214,0.013,22.41,9.39,3.37
2026-05-13T15:02:40,DROWSY,20.0,0.253,0.075,28.72,12.18,1.06
2026-05-13T15:02:40,NORMAL,13.0,0.247,0.012,13.35,15.48,-1.83
2026-05-13T15:02:40,DROWSY,20.0,0.283,0.015,25.16,11.25,-6.55
2026-05-13T15:02:40,NORMAL,10.5,0.223,0.0,12.75,15.27,-3.88
2026-05-13T15:02:41,DROWSY,22.5,0.221,0.035,17.94,14.03,-11.6
2026-05-13T15:02:43,NORMAL,18.0,0.251,0.029,2.53,9.57,-18.18
2026-05-13T15:02:43,DROWSY,20.5,0.237,0.057,-5.15,3.49,1.12
2026-05-13T15:02:43,NORMAL,8.0,0.268,0.02,-14.03,2.04,5.97
2026-05-13T15:02:44,DROWSY,20.5,0.226,0.0,-11.92,-1.79,18.0
2026-05-13T15:02:44,NORMAL,18.0,0.27,0.018,-10.69,-0.43,18.84
2026-05-13T15:02:45,DROWSY,20.5,0.24,0.0,1.65,-2.07,18.93
2026-05-13T15:02:45,NORMAL,18.0,0.267,0.0,-1.49,-1.27,18.17
2026-05-13T15:02:45,DROWSY,20.5,0.247,0.0,1.79,2.29,15.95
2026-05-13T15:02:45,NORMAL,18.0,0.3,0.015,-0.3,3.11,16.97
2026-05-13T15:02:45,DROWSY,20.5,0.242,0.006,1.84,1.8,16.95
2026-05-13T15:02:46,NORMAL,18.0,0.27,0.006,-1.68,0.93,16.55
2026-05-13T15:02:46,DROWSY,20.5,0.237,0.0,3.67,0.99,16.08
2026-05-13T15:02:46,NORMAL,18.0,0.264,0.006,-6.03,1.66,17.05
2026-05-13T15:02:46,DROWSY,20.5,0.236,0.014,-3.2,0.51,16.82
2026-05-13T15:02:46,NORMAL,18.0,0.286,0.014,-2.75,1.94,16.72
2026-05-13T15:02:47,DROWSY,20.5,0.246,0.013,-3.83,2.93,17.13
2026-05-13T15:02:47,NORMAL,18.0,0.256,0.012,-1.53,1.57,15.92
2026-05-13T15:02:47,DROWSY,20.5,0.246,0.0,2.19,-0.08,15.74
2026-05-13T15:02:47,NORMAL,8.0,0.277,0.006,3.99,2.46,14.53
2026-05-13T15:02:48,DROWSY,20.0,0.279,0.082,15.02,9.28,8.13
2026-05-13T15:02:48,NORMAL,8.0,0.27,0.07,12.17,9.48,6.89
2026-05-13T15:02:50,DROWSY,20.0,0.257,0.006,-17.71,11.11,2.02
2026-05-13T15:02:50,NORMAL,8.0,0.259,0.007,-0.53,9.95,1.74
2026-05-13T15:02:52,DROWSY,20.5,0.218,0.121,3.92,-5.97,0.33
2026-05-13T15:02:52,NORMAL,8.0,0.251,0.019,10.85,-3.64,-0.79
2026-05-13T15:02:52,DROWSY,22.5,0.232,0.038,16.0,-2.74,-0.88
2026-05-13T15:02:52,NORMAL,13.0,0.235,0.062,13.13,-2.33,0.7
2026-05-13T15:02:53,DROWSY,25.0,0.239,0.018,15.12,-0.83,1.19
2026-05-13T15:02:53,NORMAL,15.5,0.227,0.019,13.04,-1.39,2.78
2026-05-13T15:02:53,DROWSY,20.0,0.259,0.047,17.55,4.22,4.04
2026-05-13T15:02:53,NORMAL,8.0,0.256,0.075,12.65,4.22,4.71
2026-05-13T15:02:53,DROWSY,20.0,0.258,0.113,15.77,3.28,4.58
2026-05-13T15:02:53,NORMAL,8.0,0.258,0.039,14.12,3.73,4.97
2026-05-13T15:02:53,DROWSY,20.0,0.27,0.046,17.15,3.44,3.96
2026-05-13T15:02:53,NORMAL,8.0,0.275,0.06,14.5,3.45,3.66
2026-05-13T15:02:54,DROWSY,20.0,0.261,0.063,15.76,3.6,3.94
2026-05-13T15:02:54,NORMAL,8.0,0.28,0.02,13.42,2.5,4.4
2026-05-13T15:02:55,DROWSY,20.5,0.245,0.12,-6.87,5.27,4.07
2026-05-13T15:02:55,NORMAL,8.0,0.26,0.055,-3.79,6.47,5.54
2026-05-13T15:02:56,DROWSY,20.5,0.236,0.108,0.73,8.0,4.8
2026-05-13T15:02:56,NORMAL,8.0,0.255,0.092,2.57,8.31,4.84
2026-05-13T15:02:56,DROWSY,20.5,0.233,0.204,6.02,8.8,3.96
2026-05-13T15:02:56,NORMAL,8.0,0.267,0.046,8.65,9.79,4.5
2026-05-13T15:02:56,DROWSY,22.5,0.24,0.181,15.24,8.26,1.76
2026-05-13T15:02:58,DANGER,40.0,0.197,0.017,28.22,1.98,-17.67
2026-05-13T15:02:58,DROWSY,35.0,0.202,0.052,28.25,-6.47,-13.97
2026-05-13T15:02:58,DANGER,40.0,0.222,0.051,19.56,-6.19,-12.69
2026-05-13T15:02:58,DROWSY,33.0,0.151,0.033,6.51,-7.53,-8.46
2026-05-13T15:02:58,DANGER,40.5,0.172,0.087,-13.59,-5.1,-1.74
2026-05-13T15:03:00,DROWSY,20.0,0.272,0.032,18.34,1.69,5.93
2026-05-13T15:03:00,NORMAL,8.0,0.255,0.013,13.47,1.16,7.37
2026-05-13T15:03:00,DROWSY,20.0,0.257,0.013,18.47,-0.67,4.52
2026-05-13T15:03:01,NORMAL,8.0,0.283,0.021,14.81,0.36,4.3
2026-05-13T15:03:01,DROWSY,27.5,0.219,0.022,15.67,0.02,6.32
2026-05-13T15:03:02,DANGER,40.0,0.224,0.019,17.02,7.28,6.82
2026-05-13T15:03:02,DROWSY,30.5,0.224,0.03,1.33,11.99,6.32
2026-05-13T15:03:02,NORMAL,8.0,0.265,0.023,1.77,10.64,5.64
2026-05-13T15:03:02,DROWSY,20.5,0.237,0.043,5.53,3.67,1.33
2026-05-13T15:03:03,DANGER,40.5,0.223,0.02,10.34,1.34,3.44
2026-05-13T15:03:03,NORMAL,8.0,0.268,0.032,14.55,-0.53,5.41
2026-05-13T15:03:04,DROWSY,20.0,0.306,0.031,18.46,-8.36,0.76
2026-05-13T15:03:06,DANGER,40.0,0.23,0.01,43.3,-12.38,-7.02
2026-05-13T15:03:06,DROWSY,20.0,0.264,0.013,43.38,-5.61,-8.28
2026-05-13T15:03:07,DANGER,40.0,0.227,0.024,30.4,7.66,3.46
2026-05-13T15:03:07,DROWSY,20.0,0.255,0.018,42.79,7.05,1.88
2026-05-13T15:03:08,NORMAL,18.0,0.242,0.048,-8.67,3.91,0.24
2026-05-13T15:03:08,DROWSY,20.5,0.225,0.023,-10.46,3.34,1.11
2026-05-13T15:03:08,DANGER,40.0,0.193,0.072,-16.12,3.89,2.32
2026-05-13T15:03:08,DROWSY,20.0,0.252,0.039,-26.8,4.38,3.09
2026-05-13T15:03:08,NORMAL,18.0,0.197,0.087,-13.85,-1.25,2.62
2026-05-13T15:03:08,DROWSY,20.5,0.206,0.042,-10.53,1.21,3.0
2026-05-13T15:03:09,DANGER,40.5,0.217,0.015,-5.21,-1.25,4.82
2026-05-13T15:03:10,DROWSY,20.0,0.263,0.016,16.87,0.87,4.18
2026-05-13T15:03:10,NORMAL,10.5,0.239,0.005,12.14,-1.1,4.94
2026-05-13T15:03:10,DROWSY,20.5,0.223,0.017,10.05,0.93,5.17
2026-05-13T15:03:11,DANGER,52.5,0.209,0.026,17.56,3.79,6.77
2026-05-13T15:03:13,NORMAL,8.0,0.253,0.048,5.13,9.07,6.14
2026-05-13T15:03:13,DROWSY,20.5,0.232,0.007,5.43,9.16,6.8
2026-05-13T15:03:13,NORMAL,8.0,0.258,0.016,9.29,8.74,5.41
2026-05-13T15:03:14,DROWSY,20.5,0.22,0.106,8.11,7.98,5.8
2026-05-13T15:03:14,NORMAL,8.0,0.257,0.0,12.76,9.04,6.81
2026-05-13T15:03:14,DROWSY,20.5,0.228,0.056,9.81,9.34,6.08
2026-05-13T15:03:15,DANGER,40.5,0.247,0.024,10.01,7.01,6.1
2026-05-13T15:03:15,NORMAL,8.0,0.263,0.022,14.74,8.47,7.36
2026-05-13T15:03:16,DROWSY,20.5,0.246,0.015,8.0,6.99,5.33
2026-05-13T15:03:16,DANGER,40.5,0.22,0.012,9.86,7.1,5.61
2026-05-13T15:03:18,NORMAL,8.0,0.258,0.055,12.3,7.12,4.08
2026-05-13T15:03:18,DROWSY,25.0,0.206,0.054,16.11,7.46,4.37
2026-05-13T15:03:18,NORMAL,15.5,0.244,0.035,7.67,7.34,5.37
2026-05-13T15:03:18,DROWSY,25.0,0.243,0.005,16.1,7.63,4.62
2026-05-13T15:03:18,NORMAL,15.5,0.245,0.018,11.23,8.67,3.63
2026-05-13T15:03:19,DROWSY,20.5,0.217,0.063,11.58,5.18,6.21
2026-05-13T15:03:19,NORMAL,8.0,0.262,0.08,10.53,7.04,4.23
2026-05-13T15:03:19,DROWSY,20.5,0.226,0.119,9.95,8.23,4.63
2026-05-13T15:03:19,DANGER,50.0,0.222,0.022,-16.85,5.46,6.81
2026-05-13T15:03:20,DROWSY,20.0,0.255,0.023,-21.46,5.31,6.61
2026-05-13T15:03:20,DANGER,40.0,0.229,0.01,-17.83,8.46,8.7
2026-05-13T15:03:21,DROWSY,20.0,0.266,0.017,-16.08,7.79,8.03
2026-05-13T15:03:21,NORMAL,10.5,0.184,0.007,-14.49,7.97,9.49
2026-05-13T15:03:21,DROWSY,27.5,0.225,0.049,-19.09,7.35,11.81
2026-05-13T15:03:21,NORMAL,10.5,0.208,0.022,-12.0,9.97,8.86
2026-05-13T15:03:21,DROWSY,20.0,0.268,0.022,-15.89,9.46,4.82
2026-05-13T15:03:21,NORMAL,8.0,0.254,0.014,-11.39,14.61,-0.17
2026-05-13T15:03:21,DROWSY,20.0,0.258,0.005,-18.6,14.97,3.09
2026-05-13T15:03:21,NORMAL,13.0,0.245,0.0,-9.71,6.89,0.35
2026-05-13T15:03:21,DROWSY,20.0,0.27,0.0,-18.64,12.0,-2.17
2026-05-13T15:03:22,NORMAL,10.5,0.171,0.01,-12.1,11.06,-1.71
2026-05-13T15:03:22,DROWSY,27.5,0.237,0.04,-17.34,8.98,-3.82
2026-05-13T15:03:22,NORMAL,18.0,0.207,0.005,-12.11,11.43,1.01
2026-05-13T15:03:22,DROWSY,30.0,0.225,0.007,24.56,7.17,-3.07
2026-05-13T15:03:22,NORMAL,8.0,0.262,0.005,-12.54,8.55,-0.79
2026-05-13T15:03:22,DROWSY,20.5,0.236,0.018,-6.64,7.31,0.08
2026-05-13T15:03:23,DANGER,40.5,0.211,0.023,1.3,9.1,-0.52
2026-05-13T15:03:23,NORMAL,8.0,0.255,0.047,4.77,9.4,2.23
2026-05-13T15:03:23,DROWSY,20.5,0.23,0.064,-1.54,9.62,1.26
2026-05-13T15:03:24,DANGER,40.5,0.231,0.0,-1.96,6.81,0.44
2026-05-13T15:03:24,NORMAL,8.0,0.253,0.017,0.35,0.87,2.33
2026-05-13T15:03:25,DROWSY,20.5,0.241,0.0,0.02,-0.07,1.88
2026-05-13T15:03:26,NORMAL,8.0,0.252,0.049,-2.08,3.58,2.25
2026-05-13T15:03:26,DROWSY,20.5,0.247,0.006,3.47,2.07,1.87
2026-05-13T15:03:27,DANGER,40.5,0.221,0.006,2.96,-0.68,2.33
2026-05-13T15:03:29,NORMAL,8.0,0.261,0.012,5.41,-0.17,1.83
2026-05-13T15:03:29,DROWSY,20.5,0.227,0.013,6.46,1.91,1.55
2026-05-13T15:03:30,NORMAL,8.0,0.252,0.055,7.58,0.51,1.94
2026-05-13T15:03:31,DROWSY,20.5,0.226,0.02,4.3,0.14,2.01
2026-05-13T15:03:32,DANGER,40.5,0.209,0.029,4.74,1.49,0.75
2026-05-13T15:03:33,NORMAL,8.0,0.261,0.011,4.98,0.47,0.25
2026-05-13T15:03:33,DROWSY,20.5,0.234,0.012,5.57,1.24,1.59
2026-05-13T15:03:33,NORMAL,8.0,0.251,0.013,5.96,-0.85,2.35
2026-05-13T15:03:34,DROWSY,20.5,0.226,0.013,2.12,0.72,1.7
2026-05-13T15:03:35,DANGER,40.5,0.191,0.019,4.21,0.21,-0.11
2026-05-13T15:03:36,NORMAL,8.0,0.253,0.012,4.4,0.84,1.06
2026-05-13T15:03:36,DROWSY,20.5,0.194,0.014,6.24,2.09,1.35
2026-05-13T15:03:37,NORMAL,8.0,0.251,0.006,6.7,2.59,2.35
2026-05-13T15:03:37,DROWSY,20.5,0.22,0.014,4.72,1.61,1.48
2026-05-13T15:03:38,DANGER,40.5,0.24,0.012,3.96,2.45,2.04
2026-05-13T15:03:38,NORMAL,8.0,0.26,0.081,6.49,0.88,2.12
2026-05-13T15:03:38,DROWSY,20.5,0.229,0.022,6.19,1.23,1.52
2026-05-13T15:03:39,DANGER,40.5,0.212,0.017,5.48,2.07,1.69
2026-05-13T15:03:39,NORMAL,8.0,0.258,0.02,5.7,-0.13,1.77
2026-05-13T15:03:39,DROWSY,20.5,0.23,0.006,6.49,1.26,2.4
2026-05-13T15:03:39,NORMAL,8.0,0.263,0.02,6.54,-0.5,1.75
2026-05-13T15:03:40,DROWSY,20.5,0.243,0.038,4.48,0.87,1.12
2026-05-13T15:03:40,NORMAL,8.0,0.254,0.0,4.58,2.03,2.38
2026-05-13T15:03:41,DROWSY,20.5,0.227,0.006,6.16,0.83,1.74
2026-05-13T15:03:41,NORMAL,8.0,0.259,0.044,7.66,1.1,0.28
2026-05-13T15:03:41,DROWSY,20.5,0.221,0.015,4.45,0.89,1.96
2026-05-13T15:03:42,NORMAL,8.0,0.252,0.012,5.42,0.09,1.59
2026-05-13T15:03:42,DROWSY,20.5,0.238,0.099,3.23,0.93,1.52
2026-05-13T15:03:43,DANGER,40.5,0.228,0.009,4.87,-0.18,2.51
2026-05-13T15:03:43,NORMAL,8.0,0.251,0.017,2.27,2.17,1.44
2026-05-13T15:03:43,DROWSY,20.5,0.233,0.019,4.59,0.89,2.1
2026-05-13T15:03:43,NORMAL,8.0,0.252,0.006,5.18,1.99,2.1
2026-05-13T15:03:44,DROWSY,20.5,0.238,0.018,5.46,1.99,2.81
2026-05-13T15:03:44,DANGER,40.5,0.236,0.011,2.37,0.09,1.4
2026-05-13T15:03:45,NORMAL,8.0,0.259,0.006,-6.02,0.92,2.14
2026-05-13T15:03:46,DROWSY,20.5,0.245,0.014,-1.11,0.54,3.43
2026-05-13T15:03:46,DANGER,40.5,0.233,0.032,0.44,0.72,3.27
2026-05-13T15:03:46,NORMAL,8.0,0.25,0.018,-4.34,1.53,4.4
2026-05-13T15:03:47,DROWSY,20.5,0.244,0.018,-5.83,0.72,3.5
2026-05-13T15:03:47,NORMAL,8.0,0.265,0.018,-4.8,0.67,2.26
2026-05-13T15:03:48,DROWSY,20.5,0.228,0.012,0.98,1.73,2.74
2026-05-13T15:03:48,DANGER,40.5,0.244,0.032,-1.34,2.24,1.87
2026-05-13T15:03:49,NORMAL,8.0,0.261,0.006,0.97,1.41,2.49
2026-05-13T15:03:49,DROWSY,20.5,0.248,0.012,2.5,1.8,2.07
2026-05-13T15:03:50,NORMAL,8.0,0.258,0.012,0.83,1.53,2.01
2026-05-13T15:03:50,DROWSY,20.5,0.228,0.006,-2.59,0.83,2.72
2026-05-13T15:03:50,DANGER,40.5,0.244,0.02,-2.12,2.33,2.12
2026-05-13T15:03:50,NORMAL,8.0,0.251,0.023,0.13,1.53,2.28
2026-05-13T15:03:52,DROWSY,20.5,0.243,0.012,-0.87,2.2,3.19
2026-05-13T15:03:52,NORMAL,8.0,0.252,0.025,0.09,1.97,1.76
2026-05-13T15:03:52,DROWSY,20.5,0.239,0.006,1.2,0.92,1.85
2026-05-13T15:03:52,NORMAL,8.0,0.251,0.0,-2.79,1.09,2.25
2026-05-13T15:03:53,DROWSY,20.5,0.233,0.02,-2.04,0.74,2.72
2026-05-13T15:03:53,NORMAL,8.0,0.274,0.03,-0.21,-0.19,3.09
2026-05-13T15:03:54,DROWSY,20.5,0.235,0.012,1.25,2.68,3.14
2026-05-13T15:03:54,NORMAL,8.0,0.25,0.017,-3.72,3.04,2.85
2026-05-13T15:03:55,DROWSY,20.5,0.236,0.02,-0.03,1.23,3.29
2026-05-13T15:03:55,NORMAL,8.0,0.259,0.014,-2.13,1.28,2.65
2026-05-13T15:03:56,DROWSY,20.5,0.238,0.0,-3.14,1.36,2.98
2026-05-13T15:03:56,NORMAL,8.0,0.253,0.025,2.37,1.77,2.77
2026-05-13T15:03:56,DROWSY,20.5,0.247,0.012,-1.37,1.43,4.01
2026-05-13T15:03:57,NORMAL,8.0,0.257,0.005,0.33,2.31,2.71
2026-05-13T15:03:57,DROWSY,20.5,0.209,0.018,1.48,1.36,3.36
2026-05-13T15:03:58,NORMAL,8.0,0.256,0.016,-0.31,1.06,2.2
2026-05-13T15:03:59,DROWSY,20.5,0.244,0.012,0.27,1.55,2.01
2026-05-13T15:03:59,NORMAL,8.0,0.26,0.02,0.13,0.28,3.2
2026-05-13T15:04:01,DROWSY,20.5,0.233,0.011,4.46,0.89,2.7
2026-05-13T15:04:01,DANGER,40.5,0.24,0.0,3.32,0.91,3.02
2026-05-13T15:04:01,NORMAL,8.0,0.252,0.057,-0.33,1.72,2.68
2026-05-13T15:04:03,DROWSY,20.5,0.233,0.006,-2.32,1.35,2.13
2026-05-13T15:04:03,NORMAL,8.0,0.272,0.011,-2.22,1.81,2.31
2026-05-13T15:04:05,DROWSY,20.5,0.24,0.012,-2.47,0.08,3.22
2026-05-13T15:04:05,NORMAL,8.0,0.27,0.018,-2.5,1.99,2.65
2026-05-13T15:04:06,DROWSY,20.5,0.21,0.018,-0.39,1.65,3.11
2026-05-13T15:04:06,NORMAL,8.0,0.254,0.018,-4.02,2.37,3.36
2026-05-13T15:04:06,DROWSY,20.5,0.235,0.006,-6.16,4.67,3.56
2026-05-13T15:04:06,NORMAL,8.0,0.26,0.017,-3.66,4.24,5.18
2026-05-13T15:04:07,DROWSY,20.5,0.219,0.139,-5.8,4.93,3.22
2026-05-13T15:04:07,DANGER,40.5,0.25,0.031,-0.61,7.47,3.92
2026-05-13T15:04:08,NORMAL,8.0,0.258,0.017,-2.51,4.62,4.19
2026-05-13T15:04:10,DROWSY,20.5,0.226,0.02,-2.22,4.06,4.86
2026-05-13T15:04:10,NORMAL,8.0,0.255,0.055,-3.09,3.27,3.0
2026-05-13T15:04:11,DROWSY,20.0,0.25,0.005,-15.04,3.87,2.45
2026-05-13T15:04:11,NORMAL,8.0,0.262,0.005,-12.4,3.2,1.48
2026-05-13T15:04:11,DROWSY,22.5,0.248,0.06,-15.39,3.83,-1.55
2026-05-13T15:04:11,NORMAL,13.0,0.237,0.023,-9.68,4.67,-1.6
2026-05-13T15:04:11,DROWSY,20.5,0.245,0.005,-12.04,4.53,-1.36
2026-05-13T15:04:11,NORMAL,8.0,0.263,0.005,-11.15,4.95,-1.38
2026-05-13T15:04:12,DROWSY,20.5,0.233,0.023,-7.93,6.04,-1.35
2026-05-13T15:04:12,NORMAL,8.0,0.264,0.022,-13.16,4.48,0.16
2026-05-13T15:04:12,DROWSY,20.0,0.251,0.051,-15.06,4.56,-0.85
2026-05-13T15:04:12,NORMAL,10.5,0.212,0.026,-9.68,6.64,0.09
2026-05-13T15:04:12,DROWSY,20.5,0.245,0.011,-8.3,5.87,0.64
2026-05-13T15:04:13,NORMAL,8.0,0.261,0.019,-7.82,4.51,1.09
2026-05-13T15:04:14,DROWSY,20.5,0.24,0.047,-5.99,5.92,2.19
2026-05-13T15:04:14,NORMAL,13.0,0.209,0.027,-12.27,7.64,2.97
2026-05-13T15:04:14,DROWSY,27.5,0.248,0.086,-17.0,8.51,2.12
2026-05-13T15:04:14,NORMAL,18.0,0.197,0.019,-12.02,8.8,2.29
2026-05-13T15:04:14,DROWSY,32.5,0.219,0.017,-15.41,9.31,1.2
2026-05-13T15:04:15,NORMAL,8.0,0.267,0.03,-12.55,9.21,1.12
2026-05-13T15:04:15,DROWSY,20.0,0.257,0.037,-16.4,6.95,3.05
2026-05-13T15:04:15,NORMAL,13.0,0.246,0.024,-9.43,7.29,2.44
2026-05-13T15:04:15,DROWSY,20.5,0.178,0.021,-9.4,7.89,2.64
2026-05-13T15:04:15,DANGER,50.0,0.227,0.035,-16.1,8.81,2.31
2026-05-13T15:04:15,NORMAL,8.0,0.264,0.029,-8.84,10.24,4.28
2026-05-13T15:04:16,DROWSY,20.5,0.218,0.025,-7.91,7.93,1.61
2026-05-13T15:04:16,NORMAL,8.0,0.251,0.098,-10.64,8.46,1.53
2026-05-13T15:04:16,DROWSY,20.0,0.258,0.011,-23.21,7.46,2.85
2026-05-13T15:04:16,NORMAL,8.0,0.262,0.079,-13.78,7.98,2.62
2026-05-13T15:04:16,DROWSY,20.0,0.277,0.079,-16.19,10.52,3.65
2026-05-13T15:04:16,NORMAL,10.5,0.243,0.033,-13.57,9.16,2.36
2026-05-13T15:04:16,DROWSY,22.5,0.249,0.062,-15.26,7.99,3.06
2026-05-13T15:04:16,NORMAL,10.5,0.248,0.039,-9.96,7.41,2.59
2026-05-13T15:04:16,DROWSY,30.0,0.243,0.01,-16.15,9.36,1.5
2026-05-13T15:04:17,NORMAL,10.5,0.22,0.041,-13.14,10.36,1.1
2026-05-13T15:04:17,DROWSY,32.5,0.227,0.021,-17.22,11.2,0.92
2026-05-13T15:04:17,DANGER,40.5,0.231,0.044,-10.71,9.55,0.96
2026-05-13T15:04:17,NORMAL,8.0,0.266,0.022,-12.5,8.85,4.19
2026-05-13T15:04:18,DROWSY,27.5,0.25,0.011,-15.97,8.74,2.13
2026-05-13T15:04:18,NORMAL,18.0,0.22,0.076,-8.61,9.26,2.74
2026-05-13T15:04:18,DROWSY,20.5,0.23,0.104,-9.86,8.68,2.61
2026-05-13T15:04:18,NORMAL,8.0,0.261,0.066,-9.25,8.39,0.57
2026-05-13T15:04:18,DROWSY,20.5,0.223,0.022,-11.28,9.01,1.98
2026-05-13T15:04:18,DANGER,47.5,0.205,0.061,-16.18,8.34,2.09
2026-05-13T15:04:18,DROWSY,38.0,0.218,0.108,-7.98,9.73,1.53
2026-05-13T15:04:18,DANGER,40.5,0.216,0.114,-9.02,8.88,0.31
2026-05-13T15:04:19,NORMAL,8.0,0.252,0.061,-10.64,5.78,1.43
2026-05-13T15:04:19,DROWSY,20.5,0.232,0.053,-10.84,7.67,0.7
2026-05-13T15:04:19,DANGER,50.0,0.221,0.047,-15.76,9.56,0.2
2026-05-13T15:04:19,NORMAL,8.0,0.258,0.113,-7.33,6.88,2.1
2026-05-13T15:04:19,DROWSY,25.0,0.228,0.053,-17.61,10.11,2.92
2026-05-13T15:04:20,NORMAL,15.5,0.223,0.01,-9.76,6.71,1.44
2026-05-13T15:04:20,DROWSY,20.5,0.19,0.019,-8.87,8.32,1.08
2026-05-13T15:04:20,NORMAL,8.0,0.256,0.026,-12.08,9.0,2.21
2026-05-13T15:04:20,DROWSY,20.5,0.226,0.03,-13.4,8.57,4.0
2026-05-13T15:04:20,NORMAL,8.0,0.254,0.025,-8.21,10.09,3.61
2026-05-13T15:04:20,DROWSY,27.5,0.225,0.017,-15.16,9.68,3.25
2026-05-13T15:04:20,NORMAL,18.0,0.218,0.069,-9.65,7.75,3.04
2026-05-13T15:04:20,DROWSY,20.5,0.245,0.018,-8.47,7.96,1.71
2026-05-13T15:04:20,NORMAL,8.0,0.261,0.011,-13.44,9.05,2.83
2026-05-13T15:04:21,DROWSY,20.0,0.273,0.008,-15.51,7.78,4.78
2026-05-13T15:04:21,NORMAL,10.5,0.249,0.057,-13.11,8.85,3.38
2026-05-13T15:04:21,DROWSY,20.5,0.222,0.07,-7.87,6.48,2.92
2026-05-13T15:04:22,DANGER,40.5,0.185,0.022,-11.31,8.66,1.33
2026-05-13T15:04:22,NORMAL,8.0,0.258,0.066,-6.59,9.85,3.95
2026-05-13T15:04:24,DROWSY,20.5,0.246,0.105,-4.31,9.18,1.98
2026-05-13T15:04:24,NORMAL,8.0,0.251,0.116,7.8,13.0,3.43
2026-05-13T15:04:24,DROWSY,27.5,0.212,0.037,19.69,11.82,3.89
2026-05-13T15:04:24,NORMAL,18.0,0.199,0.019,14.42,11.09,1.94
2026-05-13T15:04:24,DROWSY,20.5,0.185,0.022,13.61,11.45,1.93
2026-05-13T15:04:26,NORMAL,8.0,0.315,0.0,12.66,10.58,-12.37
2026-05-13T15:04:26,DROWSY,23.0,0.219,0.004,-10.62,10.06,-15.51
2026-05-13T15:04:26,NORMAL,18.0,0.261,0.0,-4.13,8.95,-19.34
2026-05-13T15:04:26,DROWSY,20.0,0.363,0.0,36.26,5.96,-4.54
2026-05-13T15:04:26,DANGER,40.0,0.218,0.088,37.43,-0.33,-1.97
2026-05-13T15:04:27,DROWSY,20.0,0.274,0.012,56.47,3.64,-4.6
2026-05-13T15:04:28,NORMAL,8.0,0.262,0.074,11.5,12.03,0.15
2026-05-13T15:04:28,DROWSY,20.0,0.263,0.0,-15.37,6.65,-1.08
2026-05-13T15:04:28,NORMAL,10.5,0.227,0.015,-5.57,5.57,-1.92
2026-05-13T15:04:29,DROWSY,20.5,0.225,0.022,0.03,5.03,-4.35
2026-05-13T15:04:29,NORMAL,8.0,0.251,0.013,8.81,6.42,-0.6
2026-05-13T15:04:30,DROWSY,20.5,0.229,0.005,-2.99,4.44,0.42
2026-05-13T15:04:30,NORMAL,8.0,0.254,0.02,-1.7,4.73,-0.74
2026-05-13T15:04:30,DROWSY,20.5,0.221,0.018,-6.77,3.96,0.33
2026-05-13T15:04:30,NORMAL,8.0,0.28,0.02,-7.9,5.84,-0.37
2026-05-13T15:04:31,DROWSY,20.5,0.213,0.033,-7.25,4.28,-0.02
2026-05-13T16:17:46,DROWSY,35.0,0.211,0.669,-0.18,-8.09,6.79
2026-05-13T16:17:47,DANGER,55.0,0.199,0.677,-0.94,-10.51,4.97
2026-05-13T16:17:47,NORMAL,20.0,0.251,0.623,-10.91,-8.6,10.05
2026-05-13T16:17:50,DROWSY,35.0,0.182,0.0,-0.42,30.15,4.74
2026-05-13T16:17:52,NORMAL,0.0,0.257,0.014,3.57,29.71,8.85
2026-05-13T16:17:52,DROWSY,35.0,0.216,0.009,4.11,26.19,12.18
2026-05-13T16:17:52,NORMAL,0.0,0.251,0.031,3.59,27.95,10.83
2026-05-13T16:17:55,DROWSY,40.0,0.245,0.044,-3.69,5.51,-16.82
2026-05-13T16:17:55,NORMAL,10.0,0.274,0.151,-5.44,9.4,-20.14
2026-05-13T16:17:57,DROWSY,35.0,0.241,0.068,-7.52,8.46,-21.43
2026-05-13T16:17:58,NORMAL,10.0,0.255,0.041,-7.89,8.09,-22.24
2026-05-13T16:18:06,DROWSY,40.5,0.218,0.0,0.09,-7.67,-16.51
2026-05-13T16:18:08,NORMAL,18.0,0.256,0.028,-8.52,0.23,-20.9
2026-05-13T16:18:08,DROWSY,35.5,0.222,0.016,-7.78,-0.08,-20.55
2026-05-13T16:18:13,NORMAL,8.0,0.27,0.04,-7.0,-0.34,-13.42
2026-05-13T16:18:17,DROWSY,35.5,0.166,0.016,-1.59,2.47,1.91
2026-05-13T16:18:24,NORMAL,8.0,0.254,0.048,-3.67,3.23,4.48
2026-05-13T16:18:25,DROWSY,35.5,0.141,0.106,-4.97,2.48,4.09
2026-05-13T16:18:25,NORMAL,8.0,0.25,0.085,-6.24,3.57,4.67
2026-05-13T16:18:26,DROWSY,35.5,0.194,0.033,-3.11,2.78,5.15
2026-05-13T16:18:31,NORMAL,8.0,0.255,0.005,-8.18,2.3,5.34
2026-05-13T16:18:33,DROWSY,35.5,0.188,0.098,-10.53,4.16,3.19
2026-05-13T16:18:34,NORMAL,8.0,0.259,0.041,-16.61,2.77,4.72
2026-05-13T16:18:36,DROWSY,35.5,0.2,0.629,-11.56,-10.75,6.17
2026-05-13T16:18:36,DANGER,55.5,0.221,0.618,-10.34,-13.45,8.0
2026-05-13T16:18:36,DROWSY,43.0,0.24,0.522,-9.08,-13.52,12.11
2026-05-13T16:18:36,NORMAL,8.0,0.262,0.447,-7.34,-10.38,11.93
2026-05-13T16:18:37,DROWSY,35.5,0.173,0.078,-10.48,-5.68,11.01
2026-05-13T16:18:37,NORMAL,8.0,0.274,0.061,-13.14,-6.61,11.29
2026-05-13T16:18:38,DROWSY,35.5,0.181,0.01,-4.64,4.54,11.61
2026-05-13T16:18:40,NORMAL,8.0,0.251,0.014,-9.82,1.21,10.24
2026-05-13T16:18:40,DROWSY,35.5,0.212,0.0,-14.06,19.23,-7.09
2026-05-13T16:18:40,NORMAL,8.0,0.26,0.013,-9.53,17.53,-9.56
2026-05-13T16:18:41,DROWSY,45.5,0.23,0.021,-12.29,16.93,-15.1
2026-05-13T16:18:41,NORMAL,8.0,0.251,0.021,-11.27,18.27,-14.05
2026-05-13T16:18:44,DROWSY,35.5,0.221,0.008,-4.61,5.41,8.89
2026-05-13T16:18:44,NORMAL,8.0,0.265,0.057,-4.53,3.95,6.46
2026-05-13T16:18:44,DROWSY,35.5,0.167,0.012,-1.27,-9.03,12.59
2026-05-13T16:18:45,NORMAL,18.0,0.255,0.012,3.12,-1.52,19.37
2026-05-13T16:18:45,DROWSY,35.5,0.225,0.013,5.88,0.34,18.04
2026-05-13T16:18:46,NORMAL,18.0,0.251,0.012,7.09,0.11,18.74
2026-05-13T16:18:47,DROWSY,35.5,0.228,0.013,10.68,2.91,12.87
2026-05-13T16:18:48,NORMAL,8.0,0.265,0.022,10.72,2.98,11.1
2026-05-13T16:18:51,DROWSY,35.5,0.244,0.059,-9.85,-0.5,-5.89
2026-05-13T16:18:51,NORMAL,8.0,0.266,0.047,-9.85,-1.64,-4.97
2026-05-13T16:18:51,DROWSY,35.5,0.156,0.536,-8.84,-7.31,1.42
2026-05-13T16:18:52,DANGER,55.5,0.169,0.599,-8.14,-13.27,2.45
2026-05-13T16:18:52,DROWSY,43.0,0.177,0.544,-6.17,-11.05,3.6
2026-05-13T16:18:54,NORMAL,18.0,0.252,0.029,-5.73,9.03,-22.26
2026-05-13T16:18:54,DROWSY,35.5,0.22,0.064,-8.63,5.49,-24.06
2026-05-13T16:18:55,NORMAL,18.0,0.262,0.008,-6.77,7.46,-23.58
2026-05-13T16:18:55,DROWSY,35.5,0.242,0.026,-8.41,5.23,-23.06
2026-05-13T16:18:55,NORMAL,18.0,0.267,0.04,-8.84,5.77,-21.69
2026-05-13T16:18:56,DROWSY,35.5,0.25,0.054,-6.78,5.83,-21.66
2026-05-13T16:18:56,NORMAL,18.0,0.253,0.059,-7.43,5.3,-21.5
2026-05-13T16:18:57,DROWSY,35.5,0.219,0.022,-12.61,-3.59,-11.49
2026-05-13T16:18:58,DANGER,65.0,0.247,0.033,6.61,-2.26,5.24
2026-05-13T16:18:58,DROWSY,43.0,0.24,0.009,-5.13,-4.87,6.72
2026-05-13T16:18:58,NORMAL,8.0,0.272,0.019,5.1,-6.52,5.51
2026-05-13T16:18:59,DROWSY,35.5,0.145,0.015,-3.03,-17.47,-2.06
2026-05-13T16:19:00,DANGER,65.0,0.225,0.009,2.35,8.6,-10.7
2026-05-13T16:19:00,DROWSY,43.0,0.213,0.008,0.97,7.13,-12.32
2026-05-13T16:19:01,NORMAL,8.0,0.25,0.015,-2.14,-2.97,0.97
2026-05-13T16:19:08,DROWSY,35.5,0.24,0.025,9.16,5.83,-2.74
2026-05-13T16:19:08,NORMAL,8.0,0.264,0.033,7.85,5.59,-2.9
2026-05-13T16:19:09,DROWSY,35.5,0.214,0.044,4.88,12.7,4.07
2026-05-13T16:19:09,NORMAL,8.0,0.251,0.034,5.71,11.96,4.75
2026-05-13T16:19:09,DROWSY,35.5,0.231,0.037,8.03,12.23,6.89
2026-05-13T16:19:10,NORMAL,8.0,0.257,0.051,10.53,11.78,6.0
2026-05-13T16:19:41,DROWSY,35.5,0.233,0.035,-15.56,14.53,11.12
2026-05-13T16:19:41,NORMAL,8.0,0.273,0.01,-15.26,21.9,12.43
2026-05-13T16:19:43,DROWSY,35.5,0.141,0.015,-17.46,20.77,1.8
2026-05-13T16:19:43,DANGER,55.0,0.211,0.01,-22.2,22.74,2.61
2026-05-13T16:19:43,DROWSY,43.0,0.18,0.009,-20.37,23.24,2.82
2026-05-13T16:19:43,NORMAL,8.0,0.265,0.01,-16.36,20.86,2.9
2026-05-13T16:19:44,DROWSY,35.0,0.124,0.0,-24.76,18.88,0.18
2026-05-13T16:19:44,NORMAL,8.0,0.252,0.009,-19.78,16.72,-3.03
2026-05-13T16:19:46,DROWSY,35.5,0.209,0.028,-13.28,13.81,6.36
2026-05-13T16:19:46,NORMAL,8.0,0.256,0.015,-12.69,12.13,8.27
2026-05-13T16:19:47,DROWSY,35.5,0.196,0.028,-12.31,12.75,7.2
2026-05-13T16:22:33,DANGER,42.0,0.153,0.017,-28.25,-24.95,8.68
2026-05-13T16:22:34,DROWSY,35.0,0.163,0.018,-21.36,-20.68,4.28
2026-05-13T16:22:35,NORMAL,0.0,0.251,0.085,-9.35,3.24,0.06
2026-05-13T16:22:38,DROWSY,35.0,0.189,0.03,-11.13,2.52,0.65
2026-05-13T16:22:40,NORMAL,0.0,0.252,0.084,-9.71,2.58,0.03
2026-05-13T16:22:41,DROWSY,35.0,0.143,0.08,-10.06,3.53,-0.22
2026-05-13T16:22:42,NORMAL,0.0,0.26,0.074,-13.96,3.75,0.3
2026-05-13T16:22:46,DROWSY,35.0,0.132,0.066,-10.16,4.18,-0.79
2026-05-13T16:22:51,DANGER,57.0,0.233,0.016,-24.0,-1.21,15.11
2026-05-13T16:22:51,NORMAL,22.0,0.259,0.017,-24.83,1.41,17.6
2026-05-13T16:22:52,DROWSY,35.0,0.206,0.14,-5.13,-1.24,11.21
2026-05-13T16:22:52,NORMAL,0.0,0.288,0.0,-20.87,12.67,12.48
2026-05-13T16:22:58,DROWSY,35.0,0.219,0.0,1.51,-5.95,-5.1
2026-05-13T16:22:58,DANGER,57.0,0.231,0.029,-14.79,9.98,-0.16
2026-05-13T16:22:58,DROWSY,35.0,0.226,0.0,-10.22,14.06,-1.66
2026-05-13T16:22:59,DANGER,47.0,0.232,0.016,-23.11,16.01,-7.88
2026-05-13T16:22:59,DROWSY,35.0,0.207,0.016,-15.98,13.95,-8.59
2026-05-13T16:23:00,NORMAL,0.0,0.252,0.027,-1.53,0.77,-2.05
2026-05-13T16:23:03,DROWSY,37.5,0.176,0.645,4.0,-13.21,5.84
2026-05-13T16:23:03,DANGER,42.5,0.186,0.604,5.42,-13.04,4.9
2026-05-13T16:23:05,DROWSY,35.0,0.202,0.529,2.67,-7.08,12.84
2026-05-13T16:23:05,DANGER,45.0,0.21,0.345,2.01,-3.58,15.33
2026-05-13T16:23:05,DROWSY,35.0,0.226,0.378,0.71,-4.23,14.7
2026-05-13T16:23:05,DANGER,45.0,0.215,0.308,1.09,-2.35,15.0
2026-05-13T16:23:05,DROWSY,35.0,0.248,0.307,3.46,-2.64,14.3
2026-05-13T16:23:06,DANGER,45.0,0.209,0.238,2.2,-0.6,15.78
2026-05-13T16:23:06,DROWSY,35.0,0.243,0.23,4.96,0.54,14.98
2026-05-13T16:23:06,DANGER,45.0,0.238,0.251,3.18,0.28,15.12
2026-05-13T16:23:06,NORMAL,10.0,0.251,0.226,5.98,1.43,15.04
2026-05-13T16:24:19,DROWSY,37.5,0.198,0.634,6.49,-6.92,3.52
2026-05-13T16:24:19,DANGER,42.5,0.205,0.694,7.5,-7.42,3.46
2026-05-13T16:24:20,DROWSY,35.0,0.2,0.538,3.14,-6.34,5.33
2026-05-13T16:24:20,DANGER,40.0,0.18,0.601,3.59,-5.74,5.83
2026-05-13T16:24:20,DROWSY,35.0,0.232,0.546,1.28,-4.02,6.49
2026-05-13T16:24:20,NORMAL,0.0,0.256,0.201,0.89,2.72,6.45
2026-05-13T16:24:21,DROWSY,35.5,0.187,0.041,5.92,4.05,7.3
2026-05-13T16:24:21,DANGER,40.5,0.225,0.005,4.8,3.31,7.92
2026-05-13T16:24:22,NORMAL,8.0,0.254,0.019,3.33,3.94,6.13
2026-05-13T16:24:22,DROWSY,35.5,0.244,0.048,2.91,2.14,5.79
2026-05-13T16:24:22,DANGER,40.5,0.241,0.011,5.39,1.08,5.12
2026-05-13T16:24:23,NORMAL,8.0,0.257,0.027,3.11,0.86,5.16
2026-05-13T16:24:25,DROWSY,35.5,0.227,0.012,1.66,-8.86,0.99
2026-05-13T16:24:25,DANGER,40.5,0.187,0.018,0.16,-14.92,1.82
2026-05-13T16:24:26,NORMAL,8.0,0.257,0.013,-7.24,7.57,-7.06
2026-05-13T16:24:27,DROWSY,35.5,0.137,0.021,0.6,-15.57,-6.55
2026-05-13T16:24:27,DANGER,40.5,0.13,0.0,-0.15,-13.69,-6.35
2026-05-13T16:24:29,NORMAL,8.0,0.265,0.026,0.11,0.55,-0.39
2026-05-13T16:24:31,DROWSY,35.5,0.21,0.032,-3.68,10.59,3.2
2026-05-13T16:24:31,DANGER,40.5,0.201,0.055,-4.05,12.58,3.53
2026-05-13T16:24:33,NORMAL,8.0,0.257,0.005,-8.54,14.8,5.54
2026-05-13T16:24:51,DROWSY,35.5,0.246,0.017,-1.1,-1.36,0.07
2026-05-13T16:24:51,DANGER,40.5,0.233,0.051,-1.13,-1.16,0.18
2026-05-13T16:24:51,NORMAL,8.0,0.257,0.027,-0.56,-0.29,0.21
2026-05-13T16:24:54,DROWSY,35.5,0.146,0.115,1.31,2.43,1.09
2026-05-13T16:24:54,DANGER,40.5,0.161,0.067,1.31,2.78,1.1
2026-05-13T16:24:56,NORMAL,8.0,0.259,0.013,0.13,0.8,1.33
2026-05-13T16:25:00,DROWSY,35.5,0.176,0.087,1.32,2.54,1.05
2026-05-13T16:25:00,DANGER,40.5,0.17,0.014,1.6,2.98,0.77
2026-05-13T16:25:00,NORMAL,8.0,0.258,0.091,-2.17,2.89,0.9
2026-05-13T16:25:01,DROWSY,35.5,0.158,0.042,0.85,2.19,1.49
2026-05-13T16:25:01,DANGER,40.5,0.135,0.02,-0.49,2.43,1.37
2026-05-13T16:25:03,NORMAL,8.0,0.264,0.089,3.18,2.12,2.14
2026-05-13T16:25:21,DROWSY,35.5,0.234,0.079,8.03,4.54,3.37
2026-05-13T16:25:21,DANGER,40.5,0.203,0.073,8.42,4.46,2.9
2026-05-13T16:25:22,NORMAL,8.0,0.265,0.098,3.42,5.38,2.24
2026-05-13T16:25:23,DROWSY,35.5,0.189,0.08,6.35,4.07,2.17
2026-05-13T16:25:23,DANGER,40.5,0.186,0.087,8.02,3.69,2.66
2026-05-13T16:25:25,NORMAL,8.0,0.257,0.014,5.61,3.45,2.57
2026-05-13T16:25:31,DROWSY,35.5,0.225,0.036,9.01,3.71,2.43
2026-05-13T16:25:31,DANGER,40.5,0.172,0.048,9.6,2.9,2.66
2026-05-13T16:25:31,NORMAL,8.0,0.253,0.014,8.82,3.53,2.88
2026-05-13T16:25:38,DROWSY,35.5,0.236,0.006,3.32,0.23,1.82
2026-05-13T16:25:38,DANGER,40.5,0.239,0.034,3.24,0.4,1.82
2026-05-13T16:25:38,NORMAL,8.0,0.26,0.066,2.69,1.23,1.81
2026-05-13T16:25:39,DROWSY,35.5,0.248,0.017,3.99,0.61,2.36
2026-05-13T16:25:39,DANGER,40.5,0.247,0.011,4.29,1.33,1.85
2026-05-13T16:25:39,NORMAL,8.0,0.261,0.019,3.84,1.5,1.76
2026-05-13T16:25:41,DROWSY,35.5,0.246,0.02,4.48,1.16,2.08
2026-05-13T16:25:41,DANGER,40.5,0.243,0.042,4.33,1.36,2.02
2026-05-13T16:25:41,NORMAL,8.0,0.262,0.042,2.94,1.83,1.81
2026-05-13T16:25:43,DROWSY,35.5,0.232,0.02,3.65,1.76,1.66
2026-05-13T16:25:43,DANGER,40.5,0.236,0.023,4.67,1.15,2.66
2026-05-13T16:25:50,NORMAL,8.0,0.254,0.065,-0.19,1.92,0.78
2026-05-13T16:25:52,DROWSY,35.5,0.162,0.028,1.77,-33.15,3.32
2026-05-13T16:25:52,DANGER,40.5,0.133,0.039,1.96,-33.41,3.66
2026-05-13T16:25:56,NORMAL,20.0,0.251,0.033,-25.76,6.18,-2.43
2026-05-13T16:25:57,DROWSY,35.5,0.133,0.012,7.93,-15.57,-2.77
2026-05-13T16:25:57,DANGER,40.5,0.171,0.026,6.18,-10.27,-1.61
2026-05-13T16:25:59,NORMAL,8.0,0.268,0.064,-0.77,2.45,0.18
2026-05-13T16:26:00,DROWSY,35.5,0.229,0.097,-1.0,3.39,-0.3
2026-05-13T16:26:00,DANGER,40.5,0.197,0.062,-0.55,2.54,-0.78
2026-05-13T16:26:02,NORMAL,18.0,0.259,0.025,0.5,0.59,-22.41
2026-05-13T16:26:03,DROWSY,35.5,0.25,0.05,0.56,1.15,-22.18
2026-05-13T16:26:03,NORMAL,18.0,0.254,0.022,-0.69,1.94,-22.1
2026-05-13T16:26:04,DROWSY,35.5,0.233,0.02,-2.68,-0.34,-23.87
2026-05-13T16:26:04,DANGER,40.5,0.225,0.051,-0.96,-0.16,-23.47
2026-05-13T16:26:05,NORMAL,18.0,0.258,0.055,0.97,-2.22,-20.19
2026-05-13T16:26:05,DROWSY,35.5,0.238,0.006,-0.18,-3.49,-9.42
2026-05-13T16:26:05,DANGER,40.5,0.218,0.018,0.01,-2.52,-7.07
2026-05-13T16:26:07,NORMAL,8.0,0.25,0.027,4.24,-1.5,3.46
2026-05-13T16:26:08,DROWSY,35.5,0.233,0.011,3.94,2.28,1.85
2026-05-13T16:26:08,DANGER,40.5,0.248,0.041,3.32,1.6,1.91
2026-05-13T16:26:09,NORMAL,8.0,0.253,0.029,2.78,2.85,-0.68
2026-05-13T16:26:11,DROWSY,35.5,0.153,0.058,1.99,1.93,0.59
2026-05-13T16:26:11,DANGER,40.5,0.166,0.055,1.94,2.37,0.72
2026-05-13T16:26:15,NORMAL,8.0,0.251,0.062,-1.13,2.03,2.25
2026-05-13T16:26:21,DROWSY,35.5,0.236,0.016,-0.64,-1.01,3.45
2026-05-13T16:26:21,DANGER,40.5,0.179,0.018,2.73,-0.43,6.54
2026-05-13T16:26:23,NORMAL,18.0,0.265,0.044,-3.98,9.44,17.5
2026-05-13T16:26:23,DROWSY,35.5,0.236,0.039,1.37,3.21,2.31
2026-05-13T16:26:24,DANGER,40.5,0.234,0.055,3.25,2.91,0.96
2026-05-13T16:26:24,NORMAL,8.0,0.252,0.083,2.0,4.28,-0.8
2026-05-13T16:26:30,DROWSY,35.5,0.237,0.02,-6.62,-0.09,1.66
2026-05-13T16:26:30,DANGER,40.5,0.22,0.064,-5.18,0.44,1.65
2026-05-13T16:26:30,NORMAL,8.0,0.251,0.044,-7.46,1.19,1.96
2026-05-13T16:26:31,DROWSY,35.5,0.249,0.082,-6.06,0.78,2.34
2026-05-13T16:26:31,NORMAL,8.0,0.255,0.07,-5.95,1.13,2.27
2026-05-13T16:26:34,DROWSY,35.5,0.226,0.024,-2.35,-2.78,2.29
2026-05-13T16:26:34,DANGER,40.5,0.23,0.006,2.66,-0.83,1.8
2026-05-13T16:26:35,NORMAL,8.0,0.254,0.017,-0.78,1.27,1.41
2026-05-13T16:26:36,DROWSY,35.5,0.237,0.015,0.31,1.35,1.77
2026-05-13T16:26:36,DANGER,40.5,0.226,0.03,-0.05,1.31,1.84
2026-05-13T16:26:36,NORMAL,8.0,0.258,0.032,-1.05,1.25,1.81
2026-05-13T16:26:38,DROWSY,35.5,0.232,0.021,-0.7,1.62,1.22
2026-05-13T16:26:38,DANGER,40.5,0.232,0.012,-0.08,0.62,1.91
2026-05-13T16:26:38,NORMAL,8.0,0.254,0.015,2.1,0.64,2.2
2026-05-13T16:26:47,DROWSY,35.5,0.224,0.027,0.49,-1.81,16.01
2026-05-13T16:26:47,DANGER,40.5,0.22,0.027,-0.09,-1.61,15.81
2026-05-13T16:26:47,NORMAL,8.0,0.254,0.049,-9.84,-0.17,13.1
2026-05-13T19:40:50,DROWSY,35.0,0.174,0.023,8.26,10.02,1.69
2026-05-13T19:40:51,DANGER,40.0,0.204,0.559,7.19,1.61,1.33
2026-05-13T19:40:52,NORMAL,20.0,0.266,0.663,5.33,-0.12,1.5
2026-05-13T19:40:58,DROWSY,35.0,0.185,0.005,11.56,8.65,6.28
2026-05-13T19:40:58,NORMAL,0.0,0.268,0.01,13.47,10.29,2.01
2026-05-13T19:48:03,DROWSY,35.0,0.19,0.049,7.67,3.68,2.69
2026-05-13T19:48:03,NORMAL,0.0,0.267,0.016,7.99,4.41,3.46
2026-05-13T19:48:04,DROWSY,35.0,0.158,0.015,4.69,3.38,2.88
2026-05-13T19:48:09,NORMAL,0.0,0.25,0.086,4.7,4.29,3.79
2026-05-13T19:48:11,DROWSY,35.0,0.174,0.028,-1.93,2.24,2.91
2026-05-13T19:48:12,NORMAL,0.0,0.255,0.006,10.56,3.73,6.15
2026-05-13T19:48:16,DROWSY,35.0,0.175,0.06,10.97,4.4,4.17
2026-05-13T19:48:17,NORMAL,0.0,0.269,0.021,11.88,5.5,2.46
2026-05-13T19:48:52,DROWSY,35.0,0.223,0.02,27.31,3.88,-0.74
2026-05-13T19:48:52,DANGER,40.0,0.242,0.0,33.24,3.5,-1.25
2026-05-13T19:48:52,NORMAL,20.0,0.268,0.015,34.29,4.09,-1.63
2026-05-13T19:48:52,DROWSY,35.0,0.184,0.025,35.66,0.81,-1.91
2026-05-13T19:48:52,DANGER,40.0,0.194,0.007,35.97,1.39,-2.54
2026-05-13T19:48:52,NORMAL,20.0,0.251,0.007,35.61,1.85,-2.18
2026-05-13T19:48:53,DROWSY,35.0,0.208,0.094,34.93,1.01,-1.8
2026-05-13T19:48:53,DANGER,40.0,0.241,0.012,30.38,-0.77,0.21
2026-05-13T19:48:53,NORMAL,20.0,0.264,0.006,32.3,0.76,-1.57
2026-05-13T19:48:59,DROWSY,35.5,0.186,0.032,7.47,9.42,5.99
2026-05-13T19:48:59,DANGER,40.5,0.172,0.034,6.1,8.31,5.13
2026-05-13T19:49:00,NORMAL,8.0,0.279,0.011,9.27,7.58,4.78
2026-05-13T19:49:01,DROWSY,35.5,0.185,0.055,8.67,8.58,4.61
2026-05-13T19:49:01,DANGER,40.5,0.183,0.11,10.74,8.19,5.02
2026-05-13T19:49:02,NORMAL,8.0,0.274,0.038,6.89,8.75,5.26
2026-05-13T19:49:05,DANGER,47.5,0.223,0.032,7.56,8.85,1.79
2026-05-13T19:49:05,NORMAL,8.0,0.268,0.038,11.16,-1.01,1.71
2026-05-13T19:49:06,DROWSY,35.5,0.194,0.0,-3.96,9.94,6.42
2026-05-13T19:49:06,DANGER,40.5,0.235,0.0,-7.57,11.32,6.25
2026-05-13T19:49:08,NORMAL,8.0,0.258,0.005,14.42,5.57,5.89
2026-05-13T19:49:14,DROWSY,35.5,0.22,0.547,3.12,-0.82,2.14
2026-05-13T19:49:14,DANGER,40.5,0.208,0.516,5.59,-5.21,2.37
2026-05-13T19:49:16,NORMAL,8.0,0.264,0.303,-0.57,-3.58,8.7
2026-05-13T19:49:17,DROWSY,35.5,0.213,0.035,2.73,0.47,-14.84
2026-05-13T19:49:17,DANGER,48.0,0.232,0.147,4.93,-0.43,-17.17
2026-05-13T19:49:17,NORMAL,18.0,0.269,0.015,6.8,4.57,-25.25
2026-05-13T19:49:41,DROWSY,35.0,0.159,0.006,29.02,9.0,-0.16
2026-05-13T19:49:41,DANGER,40.0,0.228,0.011,31.98,9.13,-0.06
2026-05-13T19:49:41,NORMAL,20.0,0.273,0.0,41.55,8.64,1.68
2026-05-13T19:49:44,DROWSY,35.0,0.174,0.012,34.07,4.01,-0.38
2026-05-13T19:49:44,NORMAL,20.0,0.272,0.037,28.39,2.78,1.24
2026-05-13T19:49:45,DROWSY,35.5,0.204,0.025,16.47,5.47,0.7
2026-05-13T19:49:45,DANGER,40.5,0.217,0.036,15.89,5.33,1.17
2026-05-13T19:49:47,NORMAL,8.0,0.281,0.026,4.73,8.63,1.65
2026-05-13T19:49:52,DROWSY,35.5,0.16,0.0,-4.11,6.33,2.53
2026-05-13T19:49:52,DANGER,40.5,0.152,0.014,-5.96,6.51,1.75
2026-05-13T19:49:53,NORMAL,8.0,0.278,0.011,-9.39,7.73,2.1
2026-05-13T19:49:56,DROWSY,35.5,0.212,0.086,-12.11,9.11,1.25
2026-05-13T19:49:56,DANGER,40.5,0.197,0.069,-15.42,8.83,2.12
2026-05-13T19:49:58,NORMAL,8.0,0.257,0.01,-15.89,9.75,3.31
2026-05-13T19:49:59,DROWSY,35.0,0.2,0.046,-24.3,11.35,-1.19
2026-05-13T19:49:59,DANGER,40.0,0.21,0.018,-29.77,11.32,-0.9
2026-05-13T19:49:59,DROWSY,35.5,0.207,0.023,-21.88,11.12,0.43
2026-05-13T19:49:59,DANGER,50.0,0.189,0.028,-24.87,11.51,-0.0
2026-05-13T19:50:02,NORMAL,20.0,0.259,0.0,-23.4,12.34,3.71
2026-05-13T19:50:15,DROWSY,35.5,0.148,0.042,-3.83,7.09,0.13
2026-05-13T19:50:15,DANGER,40.5,0.167,0.03,-4.42,6.57,-0.04
2026-05-13T19:50:15,NORMAL,8.0,0.253,0.01,-5.37,7.7,-0.25
2026-05-13T19:50:20,DROWSY,35.0,0.25,0.015,30.34,-11.4,0.91
2026-05-13T19:50:20,NORMAL,20.0,0.252,0.015,29.75,-11.41,0.83
2026-05-13T19:50:20,DROWSY,35.0,0.235,0.034,31.08,-8.6,2.16
2026-05-13T19:50:20,NORMAL,20.0,0.266,0.016,30.9,-7.54,2.48
2026-05-13T19:50:21,DROWSY,35.0,0.238,0.017,22.54,0.09,4.16
2026-05-13T19:50:21,NORMAL,25.5,0.241,0.019,21.63,0.06,4.24
2026-05-13T19:50:21,DANGER,40.0,0.249,0.051,25.9,-1.07,3.98
2026-05-13T19:50:21,NORMAL,20.0,0.254,0.033,44.82,-0.39,0.79
2026-05-13T19:50:21,DROWSY,35.0,0.246,0.114,66.65,-3.02,-4.44
2026-05-13T19:50:21,NORMAL,20.0,0.266,0.138,73.17,-3.43,-5.18
2026-05-13T19:50:38,DROWSY,35.0,0.205,0.005,32.05,4.5,3.33
2026-05-13T19:50:38,DANGER,40.0,0.24,0.028,29.51,4.14,3.29
2026-05-13T19:50:38,NORMAL,20.0,0.254,0.005,32.15,7.87,1.94
2026-05-13T19:50:47,DANGER,47.5,0.219,0.048,57.65,5.5,3.77
2026-05-13T19:50:47,NORMAL,20.0,0.33,0.014,61.62,5.61,5.05
2026-05-13T19:50:49,DROWSY,35.5,0.196,0.02,-9.29,11.74,3.49
2026-05-13T19:50:50,DANGER,40.5,0.189,0.005,-11.78,11.41,4.21
2026-05-13T19:50:51,NORMAL,8.0,0.251,0.046,-6.36,10.33,5.46
2026-05-13T19:50:55,DROWSY,35.0,0.236,0.029,33.17,2.77,0.88
2026-05-13T19:50:56,DANGER,40.0,0.226,0.018,32.65,3.2,1.15
2026-05-13T19:50:56,NORMAL,20.0,0.263,0.076,34.38,2.5,1.36
2026-05-13T19:51:00,DROWSY,35.0,0.241,0.022,42.43,0.35,2.57
2026-05-13T19:51:00,DANGER,40.0,0.235,0.016,43.93,0.62,2.6
2026-05-13T19:51:00,NORMAL,20.0,0.259,0.025,45.24,1.08,1.78
2026-05-13T19:51:02,DROWSY,35.0,0.232,0.036,48.51,-1.74,-0.24
2026-05-13T19:51:03,NORMAL,20.0,0.254,0.175,51.83,-1.73,-0.17
2026-05-13T19:51:09,DROWSY,35.0,0.232,0.036,51.58,-3.74,2.51
2026-05-13T19:51:09,DANGER,40.0,0.235,0.053,52.79,-3.82,2.27
2026-05-13T19:51:09,NORMAL,20.0,0.26,0.014,59.53,-9.52,4.51
2026-05-13T19:51:15,DROWSY,35.5,0.213,0.017,0.06,6.47,4.24
2026-05-13T19:51:15,DANGER,40.5,0.208,0.06,2.22,7.59,4.41
2026-05-13T19:51:16,NORMAL,8.0,0.259,0.016,4.75,6.64,3.78
2026-05-13T19:51:17,DROWSY,35.5,0.197,0.046,6.61,6.61,3.07
2026-05-13T19:51:17,DANGER,40.5,0.178,0.014,10.34,7.44,3.41
2026-05-13T19:51:18,NORMAL,8.0,0.27,0.035,7.17,4.99,3.53
2026-05-13T19:51:25,DROWSY,35.5,0.216,0.032,5.62,-0.75,-4.03
2026-05-13T19:51:25,DANGER,40.5,0.197,0.006,-2.06,-0.52,-3.88
2026-05-13T19:51:26,NORMAL,8.0,0.255,0.014,7.83,1.95,2.42
2026-05-13T19:51:30,DROWSY,35.0,0.208,0.048,46.79,-1.32,1.29
2026-05-13T19:51:30,DANGER,40.0,0.152,0.01,44.49,-0.69,1.66
2026-05-13T19:51:31,NORMAL,20.0,0.262,0.013,40.67,-0.28,1.68
2026-05-13T19:51:32,DROWSY,35.0,0.203,0.065,43.84,-1.51,1.39
2026-05-13T19:51:32,DANGER,40.0,0.208,0.062,45.85,-0.6,1.49
2026-05-13T19:51:33,NORMAL,20.0,0.252,0.013,34.73,0.4,1.18
2026-05-13T19:51:48,DROWSY,37.5,0.241,0.02,22.07,4.35,2.75
2026-05-13T19:51:48,NORMAL,28.0,0.236,0.011,19.86,1.5,2.63
2026-05-13T19:51:51,DROWSY,35.5,0.205,0.195,9.41,6.55,0.93
2026-05-13T19:51:51,DANGER,40.5,0.22,0.232,9.63,7.68,1.51
2026-05-13T19:51:51,NORMAL,8.0,0.262,0.286,14.81,6.96,0.6
2026-05-13T19:52:01,DROWSY,35.5,0.067,0.021,-4.98,3.82,-0.06
2026-05-13T19:52:01,DANGER,40.5,0.079,0.005,-5.62,3.67,-0.11
2026-05-13T19:52:02,NORMAL,8.0,0.256,0.011,-2.31,3.79,-1.16
2026-05-13T19:52:03,DROWSY,35.5,0.21,0.0,6.52,3.61,0.7
2026-05-13T19:52:03,DANGER,40.5,0.221,0.033,6.2,3.03,1.23
2026-05-13T19:52:03,NORMAL,8.0,0.257,0.025,5.66,3.99,0.83
2026-05-13T19:52:06,DROWSY,35.5,0.053,0.0,2.2,3.71,0.8
2026-05-13T19:52:06,DANGER,40.5,0.052,0.0,1.39,3.82,0.92
2026-05-13T19:52:08,NORMAL,8.0,0.264,0.016,1.13,3.38,0.87
2026-05-13T19:52:15,DANGER,50.0,0.157,0.03,0.54,4.8,-2.73
2026-05-13T19:52:15,NORMAL,30.5,0.207,0.012,-3.27,3.2,-2.41
2026-05-13T19:52:15,DROWSY,35.5,0.24,0.057,1.2,4.07,-0.25
2026-05-13T19:52:15,DANGER,40.5,0.237,0.027,-2.78,4.88,-0.18
2026-05-13T19:52:17,NORMAL,8.0,0.251,0.02,-16.36,16.92,1.81
2026-05-13T19:52:18,DROWSY,35.5,0.224,0.05,-3.11,1.35,3.16
2026-05-13T19:52:18,DANGER,40.5,0.208,0.005,-4.69,-0.85,2.62
2026-05-13T19:52:18,NORMAL,8.0,0.258,0.011,-3.68,2.19,3.47
2026-05-13T19:52:20,DROWSY,35.5,0.218,0.005,-6.72,1.97,-2.26
2026-05-13T19:52:20,DANGER,40.5,0.229,0.011,-9.63,2.32,-5.66
2026-05-13T19:52:20,NORMAL,18.0,0.265,0.023,-17.44,8.64,-21.07
2026-05-13T19:52:21,DANGER,45.0,0.211,0.052,-22.05,16.81,-24.86
2026-05-13T19:52:21,DROWSY,35.5,0.232,0.031,-21.14,16.75,-25.12
2026-05-13T19:52:21,DANGER,50.0,0.231,0.021,-22.6,17.31,-24.75
2026-05-13T19:52:21,NORMAL,30.0,0.257,0.026,-23.52,16.18,-25.02
2026-05-13T19:52:21,DROWSY,35.0,0.243,0.028,-23.87,14.63,-24.44
2026-05-13T19:52:21,NORMAL,30.0,0.263,0.035,-24.15,14.4,-24.53
2026-05-13T19:52:22,DROWSY,35.5,0.245,0.034,-9.64,3.0,-4.8
2026-05-13T19:52:22,NORMAL,8.0,0.256,0.098,-10.57,3.3,-3.65
2026-05-13T19:52:30,DROWSY,35.5,0.19,0.497,2.16,-8.23,5.16
2026-05-13T19:52:30,DANGER,43.0,0.134,0.587,3.77,-13.55,5.6
2026-05-13T19:52:32,NORMAL,8.0,0.267,0.011,2.83,6.66,6.84
2026-05-13T19:52:33,DROWSY,35.5,0.247,0.016,3.61,6.08,1.1
2026-05-13T19:52:33,NORMAL,8.0,0.262,0.013,2.12,6.53,0.62
2026-05-13T19:52:35,DANGER,45.0,0.238,0.007,11.03,16.14,6.48
2026-05-13T19:52:36,NORMAL,18.0,0.289,0.009,19.4,17.33,18.53
2026-05-13T19:52:37,DROWSY,35.5,0.208,0.031,4.83,-12.58,3.73
2026-05-13T19:52:37,DANGER,40.5,0.215,0.024,1.75,-7.9,3.21
2026-05-13T19:52:38,NORMAL,8.0,0.254,0.005,-2.85,0.33,3.86
2026-05-13T19:52:40,DROWSY,35.5,0.236,0.019,3.34,30.48,-0.82
2026-05-13T19:52:40,DANGER,40.5,0.205,0.013,2.68,25.51,0.08
2026-05-13T19:52:41,NORMAL,8.0,0.265,0.005,2.03,11.9,1.62
2026-05-13T19:52:50,DROWSY,35.5,0.072,0.037,2.43,1.28,5.41
2026-05-13T19:52:50,DANGER,40.5,0.105,0.015,0.57,2.47,6.37
2026-05-13T19:52:51,NORMAL,8.0,0.252,0.005,-0.28,1.63,5.61
2026-05-13T19:52:52,DROWSY,35.5,0.14,0.005,2.04,3.29,6.03
2026-05-13T19:52:52,DANGER,40.5,0.158,0.023,2.85,2.51,5.98
2026-05-13T19:52:53,NORMAL,8.0,0.255,0.062,1.02,2.04,5.73
2026-05-13T19:52:55,DROWSY,35.5,0.102,0.02,-0.52,11.62,5.52
2026-05-13T19:52:55,DANGER,40.5,0.111,0.005,-2.21,10.93,5.23
2026-05-13T19:52:56,NORMAL,8.0,0.252,0.0,1.46,9.56,6.5
2026-05-13T19:52:59,DROWSY,38.0,0.175,0.584,0.61,-5.15,9.16
2026-05-13T19:52:59,DANGER,43.0,0.209,0.571,0.55,-5.79,9.27
2026-05-13T19:52:59,NORMAL,8.0,0.252,0.349,-11.13,-0.66,0.99
2026-05-13T19:53:04,DROWSY,35.5,0.221,0.006,-15.3,6.07,-15.79
2026-05-13T19:53:04,DANGER,40.5,0.207,0.011,-16.5,8.94,-16.81
2026-05-13T19:53:04,NORMAL,18.0,0.251,0.025,-19.65,17.64,-20.28
2026-05-13T19:53:09,DROWSY,38.0,0.106,0.556,4.08,-10.77,8.71
2026-05-13T19:53:09,DANGER,43.0,0.095,0.615,3.83,-15.96,9.63
2026-05-13T19:53:10,NORMAL,18.0,0.253,0.383,18.94,-16.73,16.03
2026-05-13T19:53:11,DROWSY,35.5,0.202,0.014,11.24,-0.15,12.48
2026-05-13T19:53:11,DANGER,40.5,0.201,0.0,8.98,1.21,13.29
2026-05-13T19:53:12,NORMAL,8.0,0.268,0.011,6.08,-10.32,10.62
2026-05-13T19:53:12,DANGER,40.0,0.184,0.043,28.27,-35.0,14.41
2026-05-13T19:53:17,NORMAL,18.0,0.276,0.049,12.15,-7.67,21.62
2026-05-13T19:53:17,DROWSY,35.5,0.215,0.039,8.14,0.5,17.58
2026-05-13T19:53:18,DANGER,40.5,0.234,0.028,10.22,0.89,16.55
2026-05-13T19:53:18,DROWSY,38.0,0.249,0.016,8.41,4.05,12.1
2026-05-13T19:53:18,DANGER,40.5,0.249,0.005,5.65,2.74,10.52
2026-05-13T19:53:18,NORMAL,8.0,0.264,0.0,1.82,4.8,3.37
2026-05-13T19:53:26,DROWSY,37.5,0.222,0.016,-38.05,9.74,-1.15
2026-05-13T19:53:26,NORMAL,20.0,0.253,0.009,-46.51,12.03,-1.72
2026-05-13T19:53:27,DANGER,42.5,0.208,0.014,27.26,7.31,16.84
2026-05-13T19:53:28,NORMAL,20.0,0.253,0.031,-25.54,14.2,12.12
2026-05-13T19:53:31,DROWSY,35.5,0.245,0.04,7.86,8.25,1.69
2026-05-13T19:53:31,NORMAL,8.0,0.26,0.079,10.45,7.58,1.76
2026-05-13T19:53:33,DROWSY,35.5,0.187,0.039,-7.42,11.58,4.16
2026-05-13T19:53:34,DANGER,40.5,0.216,0.057,-12.58,10.51,2.63
